Resource,Zone,LDS,Num_VRE_Bins,New_Build,Existing_Cap_MW,Max_Cap_MW,Min_Cap_MW,Inv_Cost_per_MWyr,Fixed_OM_Cost_per_MWyr,Var_OM_Cost_per_MWh,Heat_Rate_MMBTU_per_MWh,Fuel,Cap_Size,Start_Cost_per_MW,Start_Fuel_MMBTU_per_MW,Reg_Max,Rsv_Max,Reg_Cost,Rsv_Cost,Resource_Type,region,cluster,VRE_Trans_Cost_per_MWyr,CCS_Rate,MGA,Can_Retire
ERC_PHDL_onshore_wind_turbine_1,3,0,1,0,588.0,0.0,0,0.0,0.0,0.0,8.773,None,294.0,0.0,0.0,0.0,0.0,0,0,Onshore Wind Turbine,ERC_PHDL,1,0.0,0.0,1,1
ERC_REST_onshore_wind_turbine_1,1,0,1,0,2812.8,0.0,0,0.0,0.0,0.0,9.21,None,234.4,0.0,0.0,0.0,0.0,0,0,Onshore Wind Turbine,ERC_REST,1,0.0,0.0,1,1
ERC_REST_solar_photovoltaic_1,1,0,1,0,6563.28,0.0,0,0.0,0.0,0.0,9.192,None,82.041,0.0,0.0,0.0,0.0,0,0,Solar Photovoltaic,ERC_REST,1,0.0,0.0,1,1
ERC_WEST_onshore_wind_turbine_1,2,0,1,0,4276.202,0.0,0,0.0,0.0,0.0,9.21,None,305.443,0.0,0.0,0.0,0.0,0,0,Onshore Wind Turbine,ERC_WEST,1,0.0,0.0,1,1
ERC_WEST_solar_photovoltaic_1,2,0,1,0,7375.778,0.0,0,0.0,0.0,0.0,9.149,None,160.343,0.0,0.0,0.0,0.0,0,0,Solar Photovoltaic,ERC_WEST,1,0.0,0.0,1,1
FRCC_solar_photovoltaic_1,4,0,1,0,5448.119,0.0,0,0.0,0.0,0.0,9.139,None,50.917,0.0,0.0,0.0,0.0,0,0,Solar Photovoltaic,FRCC,1,0.0,0.0,1,1
MIS_AMSO_solar_photovoltaic_1,15,0,1,0,94.5,0.0,0,0.0,0.0,0.0,9.21,None,15.75,0.0,0.0,0.0,0.0,0,0,Solar Photovoltaic,MIS_AMSO,1,0.0,0.0,1,1
MIS_AR_solar_photovoltaic_1,16,0,1,0,380.0,0.0,0,0.0,0.0,0.0,9.117,None,47.5,0.0,0.0,0.0,0.0,0,0,Solar Photovoltaic,MIS_AR,1,0.0,0.0,1,1
MIS_D_MS_solar_photovoltaic_1,17,0,1,0,209.199,0.0,0,0.0,0.0,0.0,8.982,None,69.733,0.0,0.0,0.0,0.0,0,0,Solar Photovoltaic,MIS_D_MS,1,0.0,0.0,1,1
MIS_IA_onshore_wind_turbine_1,8,0,1,0,329.4,0.0,0,0.0,0.0,0.0,9.202,None,65.88,0.0,0.0,0.0,0.0,0,0,Onshore Wind Turbine,MIS_IA,1,0.0,0.0,1,1
MIS_IA_solar_photovoltaic_1,8,0,1,0,191.696,0.0,0,0.0,0.0,0.0,9.197,None,23.962,0.0,0.0,0.0,0.0,0,0,Solar Photovoltaic,MIS_IA,1,0.0,0.0,1,1
MIS_IL_onshore_wind_turbine_1,6,0,1,0,531.501,0.0,0,0.0,0.0,0.0,9.21,None,177.167,0.0,0.0,0.0,0.0,0,0,Onshore Wind Turbine,MIS_IL,1,0.0,0.0,1,1
MIS_IL_solar_photovoltaic_1,6,0,1,0,758.907,0.0,0,0.0,0.0,0.0,9.21,None,20.511,0.0,0.0,0.0,0.0,0,0,Solar Photovoltaic,MIS_IL,1,0.0,0.0,1,1
MIS_INKY_onshore_wind_turbine_1,7,0,1,0,302.4,0.0,0,0.0,0.0,0.0,9.21,None,302.4,0.0,0.0,0.0,0.0,0,0,Onshore Wind Turbine,MIS_INKY,1,0.0,0.0,1,1
MIS_INKY_solar_photovoltaic_1,7,0,1,0,491.368,0.0,0,0.0,0.0,0.0,9.062,None,7.226,0.0,0.0,0.0,0.0,0,0,Solar Photovoltaic,MIS_INKY,1,0.0,0.0,1,1
MIS_LA_solar_photovoltaic_1,18,0,1,0,50.0,0.0,0,0.0,0.0,0.0,9.21,None,50.0,0.0,0.0,0.0,0.0,0,0,Solar Photovoltaic,MIS_LA,1,0.0,0.0,1,1
MIS_LMI_onshore_wind_turbine_1,10,0,1,0,533.5,0.0,0,0.0,0.0,0.0,9.21,None,266.75,0.0,0.0,0.0,0.0,0,0,Onshore Wind Turbine,MIS_LMI,1,0.0,0.0,1,1
MIS_LMI_solar_photovoltaic_1,10,0,1,0,624.0,0.0,0,0.0,0.0,0.0,9.162,None,16.0,0.0,0.0,0.0,0.0,0,0,Solar Photovoltaic,MIS_LMI,1,0.0,0.0,1,1
MIS_MAPP_onshore_wind_turbine_1,5,0,1,0,173.6,0.0,0,0.0,0.0,0.0,9.16,None,86.8,0.0,0.0,0.0,0.0,0,0,Onshore Wind Turbine,MIS_MAPP,1,0.0,0.0,1,1
MIS_MIDA_onshore_wind_turbine_1,9,0,1,0,587.0,0.0,0,0.0,0.0,0.0,9.132,None,146.75,0.0,0.0,0.0,0.0,0,0,Onshore Wind Turbine,MIS_MIDA,1,0.0,0.0,1,1
MIS_MIDA_solar_photovoltaic_1,9,0,1,0,143.199,0.0,0,0.0,0.0,0.0,9.202,None,15.911,0.0,0.0,0.0,0.0,0,0,Solar Photovoltaic,MIS_MIDA,1,0.0,0.0,1,1
MIS_MNWI_onshore_wind_turbine_1,13,0,1,0,400.0,0.0,0,0.0,0.0,0.0,9.21,None,200.0,0.0,0.0,0.0,0.0,0,0,Onshore Wind Turbine,MIS_MNWI,1,0.0,0.0,1,1
MIS_MNWI_solar_photovoltaic_1,13,0,1,0,1143.102,0.0,0,0.0,0.0,0.0,9.054,None,1.803,0.0,0.0,0.0,0.0,0,0,Solar Photovoltaic,MIS_MNWI,1,0.0,0.0,1,1
MIS_MO_solar_photovoltaic_1,11,0,1,0,17.703,0.0,0,0.0,0.0,0.0,8.985,None,2.529,0.0,0.0,0.0,0.0,0,0,Solar Photovoltaic,MIS_MO,1,0.0,0.0,1,1
MIS_WUMS_onshore_wind_turbine_1,12,0,1,0,72.8,0.0,0,0.0,0.0,0.0,9.21,None,72.8,0.0,0.0,0.0,0.0,0,0,Onshore Wind Turbine,MIS_WUMS,1,0.0,0.0,1,1
MIS_WUMS_solar_photovoltaic_1,12,0,1,0,629.902,0.0,0,0.0,0.0,0.0,9.205,None,24.227,0.0,0.0,0.0,0.0,0,0,Solar Photovoltaic,MIS_WUMS,1,0.0,0.0,1,1
NENGREST_solar_photovoltaic_1,20,0,1,0,1547.348,0.0,0,0.0,0.0,0.0,9.049,None,2.783,0.0,0.0,0.0,0.0,0,0,Solar Photovoltaic,NENGREST,1,0.0,0.0,1,1
NENG_CT_solar_photovoltaic_1,19,0,1,0,327.874,0.0,0,0.0,0.0,0.0,9.146,None,5.653,0.0,0.0,0.0,0.0,0,0,Solar Photovoltaic,NENG_CT,1,0.0,0.0,1,1
NENG_ME_onshore_wind_turbine_1,21,0,1,0,15.3,0.0,0,0.0,0.0,0.0,9.21,None,15.3,0.0,0.0,0.0,0.0,0,0,Onshore Wind Turbine,NENG_ME,1,0.0,0.0,1,1
NENG_ME_solar_photovoltaic_1,21,0,1,0,325.299,0.0,0,0.0,0.0,0.0,9.208,None,17.121,0.0,0.0,0.0,0.0,0,0,Solar Photovoltaic,NENG_ME,1,0.0,0.0,1,1
NY_Z_A_onshore_wind_turbine_1,27,0,1,0,124.0,0.0,0,0.0,0.0,0.0,9.21,None,124.0,0.0,0.0,0.0,0.0,0,0,Onshore Wind Turbine,NY_Z_A,1,0.0,0.0,1,1
NY_Z_A_solar_photovoltaic_1,27,0,1,0,83.511,0.0,0,0.0,0.0,0.0,9.191,None,3.093,0.0,0.0,0.0,0.0,0,0,Solar Photovoltaic,NY_Z_A,1,0.0,0.0,1,1
NY_Z_B_onshore_wind_turbine_1,28,0,1,0,340.0,0.0,0,0.0,0.0,0.0,9.21,None,340.0,0.0,0.0,0.0,0.0,0,0,Onshore Wind Turbine,NY_Z_B,1,0.0,0.0,1,1
NY_Z_B_solar_photovoltaic_1,28,0,1,0,102.182,0.0,0,0.0,0.0,0.0,9.199,None,2.689,0.0,0.0,0.0,0.0,0,0,Solar Photovoltaic,NY_Z_B,1,0.0,0.0,1,1
NY_Z_C&E_onshore_wind_turbine_1,22,0,1,0,382.403,0.0,0,0.0,0.0,0.0,9.21,None,54.629,0.0,0.0,0.0,0.0,0,0,Onshore Wind Turbine,NY_Z_C&E,1,0.0,0.0,1,1
NY_Z_C&E_solar_photovoltaic_1,22,0,1,0,500.905,0.0,0,0.0,0.0,0.0,9.173,None,5.893,0.0,0.0,0.0,0.0,0,0,Solar Photovoltaic,NY_Z_C&E,1,0.0,0.0,1,1
NY_Z_D_solar_photovoltaic_1,29,0,1,0,29.204,0.0,0,0.0,0.0,0.0,9.18,None,2.086,0.0,0.0,0.0,0.0,0,0,Solar Photovoltaic,NY_Z_D,1,0.0,0.0,1,1
NY_Z_F_solar_photovoltaic_1,23,0,1,0,211.3,0.0,0,0.0,0.0,0.0,9.191,None,4.226,0.0,0.0,0.0,0.0,0,0,Solar Photovoltaic,NY_Z_F,1,0.0,0.0,1,1
NY_Z_G-I_solar_photovoltaic_1,24,0,1,0,115.884,0.0,0,0.0,0.0,0.0,9.184,None,1.998,0.0,0.0,0.0,0.0,0,0,Solar Photovoltaic,NY_Z_G-I,1,0.0,0.0,1,1
NY_Z_J_solar_photovoltaic_1,25,0,1,0,5.7,0.0,0,0.0,0.0,0.0,9.133,None,1.9,0.0,0.0,0.0,0.0,0,0,Solar Photovoltaic,NY_Z_J,1,0.0,0.0,1,1
NY_Z_K_solar_photovoltaic_1,26,0,1,0,128.593,0.0,0,0.0,0.0,0.0,8.916,None,5.591,0.0,0.0,0.0,0.0,0,0,Solar Photovoltaic,NY_Z_K,1,0.0,0.0,1,1
PJM_AP_onshore_wind_turbine_1,34,0,1,0,115.0,0.0,0,0.0,0.0,0.0,9.21,None,115.0,0.0,0.0,0.0,0.0,0,0,Onshore Wind Turbine,PJM_AP,1,0.0,0.0,1,1
PJM_AP_solar_photovoltaic_1,34,0,1,0,213.808,0.0,0,0.0,0.0,0.0,9.126,None,7.636,0.0,0.0,0.0,0.0,0,0,Solar Photovoltaic,PJM_AP,1,0.0,0.0,1,1
PJM_ATSI_solar_photovoltaic_1,36,0,1,0,368.1,0.0,0,0.0,0.0,0.0,9.159,None,18.405,0.0,0.0,0.0,0.0,0,0,Solar Photovoltaic,PJM_ATSI,1,0.0,0.0,1,1
PJM_COMD_onshore_wind_turbine_1,35,0,1,0,93.0,0.0,0,0.0,0.0,0.0,9.21,None,93.0,0.0,0.0,0.0,0.0,0,0,Onshore Wind Turbine,PJM_COMD,1,0.0,0.0,1,1
PJM_COMD_solar_photovoltaic_1,35,0,1,0,160.632,0.0,0,0.0,0.0,0.0,9.142,None,2.328,0.0,0.0,0.0,0.0,0,0,Solar Photovoltaic,PJM_COMD,1,0.0,0.0,1,1
PJM_Dom_solar_photovoltaic_1,37,0,1,0,3494.106,0.0,0,0.0,0.0,0.0,9.138,None,22.689,0.0,0.0,0.0,0.0,0,0,Solar Photovoltaic,PJM_Dom,1,0.0,0.0,1,1
PJM_EMAC_solar_photovoltaic_1,31,0,1,0,1288.014,0.0,0,0.0,0.0,0.0,8.932,None,3.822,0.0,0.0,0.0,0.0,0,0,Solar Photovoltaic,PJM_EMAC,1,0.0,0.0,1,1
PJM_PENE_solar_photovoltaic_1,38,0,1,0,43.299,0.0,0,0.0,0.0,0.0,9.21,None,14.433,0.0,0.0,0.0,0.0,0,0,Solar Photovoltaic,PJM_PENE,1,0.0,0.0,1,1
PJM_SMAC_solar_photovoltaic_1,32,0,1,0,108.7,0.0,0,0.0,0.0,0.0,9.099,None,2.174,0.0,0.0,0.0,0.0,0,0,Solar Photovoltaic,PJM_SMAC,1,0.0,0.0,1,1
PJM_WMAC_onshore_wind_turbine_1,30,0,1,0,80.0,0.0,0,0.0,0.0,0.0,9.21,None,80.0,0.0,0.0,0.0,0.0,0,0,Onshore Wind Turbine,PJM_WMAC,1,0.0,0.0,1,1
PJM_WMAC_solar_photovoltaic_1,30,0,1,0,41.301,0.0,0,0.0,0.0,0.0,9.006,None,3.177,0.0,0.0,0.0,0.0,0,0,Solar Photovoltaic,PJM_WMAC,1,0.0,0.0,1,1
PJM_West_onshore_wind_turbine_1,33,0,1,0,449.8,0.0,0,0.0,0.0,0.0,9.21,None,224.9,0.0,0.0,0.0,0.0,0,0,Onshore Wind Turbine,PJM_West,1,0.0,0.0,1,1
PJM_West_solar_photovoltaic_1,33,0,1,0,1391.382,0.0,0,0.0,0.0,0.0,9.196,None,27.282,0.0,0.0,0.0,0.0,0,0,Solar Photovoltaic,PJM_West,1,0.0,0.0,1,1
SPP_N_onshore_wind_turbine_1,45,0,1,0,1588.104,0.0,0,0.0,0.0,0.0,9.151,None,198.513,0.0,0.0,0.0,0.0,0,0,Onshore Wind Turbine,SPP_N,1,0.0,0.0,1,1
SPP_N_solar_photovoltaic_1,45,0,1,0,75.696,0.0,0,0.0,0.0,0.0,9.071,None,3.984,0.0,0.0,0.0,0.0,0,0,Solar Photovoltaic,SPP_N,1,0.0,0.0,1,1
SPP_NEBR_onshore_wind_turbine_1,44,0,1,0,1057.1,0.0,0,0.0,0.0,0.0,9.21,None,211.42,0.0,0.0,0.0,0.0,0,0,Onshore Wind Turbine,SPP_NEBR,1,0.0,0.0,1,1
SPP_NEBR_solar_photovoltaic_1,44,0,1,0,27.104,0.0,0,0.0,0.0,0.0,9.071,None,2.464,0.0,0.0,0.0,0.0,0,0,Solar Photovoltaic,SPP_NEBR,1,0.0,0.0,1,1
SPP_SPS_onshore_wind_turbine_1,47,0,1,0,1959.202,0.0,0,0.0,0.0,0.0,9.063,None,279.886,0.0,0.0,0.0,0.0,0,0,Onshore Wind Turbine,SPP_SPS,1,0.0,0.0,1,1
SPP_SPS_solar_photovoltaic_1,47,0,1,0,199.595,0.0,0,0.0,0.0,0.0,8.788,None,18.145,0.0,0.0,0.0,0.0,0,0,Solar Photovoltaic,SPP_SPS,1,0.0,0.0,1,1
SPP_WAUE_onshore_wind_turbine_1,48,0,1,0,748.8,0.0,0,0.0,0.0,0.0,9.122,None,249.6,0.0,0.0,0.0,0.0,0,0,Onshore Wind Turbine,SPP_WAUE,1,0.0,0.0,1,1
SPP_WAUE_solar_photovoltaic_1,48,0,1,0,6.0,0.0,0,0.0,0.0,0.0,9.137,None,1.0,0.0,0.0,0.0,0.0,0,0,Solar Photovoltaic,SPP_WAUE,1,0.0,0.0,1,1
SPP_WEST_onshore_wind_turbine_1,46,0,1,0,2798.397,0.0,0,0.0,0.0,0.0,9.179,None,310.933,0.0,0.0,0.0,0.0,0,0,Onshore Wind Turbine,SPP_WEST,1,0.0,0.0,1,1
SPP_WEST_solar_photovoltaic_1,46,0,1,0,82.206,0.0,0,0.0,0.0,0.0,9.128,None,4.567,0.0,0.0,0.0,0.0,0,0,Solar Photovoltaic,SPP_WEST,1,0.0,0.0,1,1
S_C_KY_solar_photovoltaic_1,40,0,1,0,12.7,0.0,0,0.0,0.0,0.0,8.866,None,6.35,0.0,0.0,0.0,0.0,0,0,Solar Photovoltaic,S_C_KY,1,0.0,0.0,1,1
S_C_TVA_solar_photovoltaic_1,42,0,1,0,1116.0,0.0,0,0.0,0.0,0.0,9.144,None,34.875,0.0,0.0,0.0,0.0,0,0,Solar Photovoltaic,S_C_TVA,1,0.0,0.0,1,1
S_D_AECI_onshore_wind_turbine_1,41,0,1,0,96.2,0.0,0,0.0,0.0,0.0,9.21,None,96.2,0.0,0.0,0.0,0.0,0,0,Onshore Wind Turbine,S_D_AECI,1,0.0,0.0,1,1
S_D_AECI_solar_photovoltaic_1,41,0,1,0,2.8,0.0,0,0.0,0.0,0.0,8.773,None,2.8,0.0,0.0,0.0,0.0,0,0,Solar Photovoltaic,S_D_AECI,1,0.0,0.0,1,1
S_SOU_solar_photovoltaic_1,43,0,1,0,4135.068,0.0,0,0.0,0.0,0.0,9.075,None,32.818,0.0,0.0,0.0,0.0,0,0,Solar Photovoltaic,S_SOU,1,0.0,0.0,1,1
S_VACA_solar_photovoltaic_1,39,0,1,0,7068.908,0.0,0,0.0,0.0,0.0,9.049,None,9.086,0.0,0.0,0.0,0.0,0,0,Solar Photovoltaic,S_VACA,1,0.0,0.0,1,1
WECC_AZ_onshore_wind_turbine_1,62,0,1,0,63.0,0.0,0,0.0,0.0,0.0,8.773,None,63.0,0.0,0.0,0.0,0.0,0,0,Onshore Wind Turbine,WECC_AZ,1,0.0,0.0,1,1
WECC_AZ_solar_photovoltaic_1,62,0,1,0,2896.2,0.0,0,0.0,0.0,0.0,8.955,None,24.135,0.0,0.0,0.0,0.0,0,0,Solar Photovoltaic,WECC_AZ,1,0.0,0.0,1,1
WECC_CO_onshore_wind_turbine_1,60,0,1,0,453.999,0.0,0,0.0,0.0,0.0,9.21,None,151.333,0.0,0.0,0.0,0.0,0,0,Onshore Wind Turbine,WECC_CO,1,0.0,0.0,1,1
WECC_CO_solar_photovoltaic_1,60,0,1,0,1231.878,0.0,0,0.0,0.0,0.0,9.077,None,11.098,0.0,0.0,0.0,0.0,0,0,Solar Photovoltaic,WECC_CO,1,0.0,0.0,1,1
WECC_ID_solar_photovoltaic_1,55,0,1,0,230.0,0.0,0,0.0,0.0,0.0,8.777,None,23.0,0.0,0.0,0.0,0.0,0,0,Solar Photovoltaic,WECC_ID,1,0.0,0.0,1,1
WECC_IID_solar_photovoltaic_1,64,0,1,0,1943.216,0.0,0,0.0,0.0,0.0,8.947,None,44.164,0.0,0.0,0.0,0.0,0,0,Solar Photovoltaic,WECC_IID,1,0.0,0.0,1,1
WECC_MT_onshore_wind_turbine_1,53,0,1,0,300.0,0.0,0,0.0,0.0,0.0,9.21,None,60.0,0.0,0.0,0.0,0.0,0,0,Onshore Wind Turbine,WECC_MT,1,0.0,0.0,1,1
WECC_MT_solar_photovoltaic_1,53,0,1,0,177.0,0.0,0,0.0,0.0,0.0,9.21,None,22.125,0.0,0.0,0.0,0.0,0,0,Solar Photovoltaic,WECC_MT,1,0.0,0.0,1,1
WECC_NM_onshore_wind_turbine_1,63,0,1,0,1783.197,0.0,0,0.0,0.0,0.0,9.091,None,198.133,0.0,0.0,0.0,0.0,0,0,Onshore Wind Turbine,WECC_NM,1,0.0,0.0,1,1
WECC_NM_solar_photovoltaic_1,63,0,1,0,851.667,0.0,0,0.0,0.0,0.0,9.064,None,12.343,0.0,0.0,0.0,0.0,0,0,Solar Photovoltaic,WECC_NM,1,0.0,0.0,1,1
WECC_NNV_solar_photovoltaic_1,56,0,1,0,1043.404,0.0,0,0.0,0.0,0.0,9.173,None,54.916,0.0,0.0,0.0,0.0,0,0,Solar Photovoltaic,WECC_NNV,1,0.0,0.0,1,1
WECC_PNW_onshore_wind_turbine_1,59,0,1,0,328.5,0.0,0,0.0,0.0,0.0,9.121,None,82.125,0.0,0.0,0.0,0.0,0,0,Onshore Wind Turbine,WECC_PNW,1,0.0,0.0,1,1
WECC_PNW_solar_photovoltaic_1,59,0,1,0,1234.392,0.0,0,0.0,0.0,0.0,9.155,None,10.828,0.0,0.0,0.0,0.0,0,0,Solar Photovoltaic,WECC_PNW,1,0.0,0.0,1,1
WECC_SCE_onshore_wind_turbine_1,52,0,1,0,391.599,0.0,0,0.0,0.0,0.0,9.04,None,43.511,0.0,0.0,0.0,0.0,0,0,Onshore Wind Turbine,WECC_SCE,1,0.0,0.0,1,1
WECC_SCE_solar_photovoltaic_1,52,0,1,0,9749.312,0.0,0,0.0,0.0,0.0,8.997,None,22.208,0.0,0.0,0.0,0.0,0,0,Solar Photovoltaic,WECC_SCE,1,0.0,0.0,1,1
WECC_SNV_solar_photovoltaic_1,57,0,1,0,3392.424,0.0,0,0.0,0.0,0.0,9.014,None,64.008,0.0,0.0,0.0,0.0,0,0,Solar Photovoltaic,WECC_SNV,1,0.0,0.0,1,1
WECC_UT_solar_photovoltaic_1,58,0,1,0,1982.288,0.0,0,0.0,0.0,0.0,9.021,None,45.052,0.0,0.0,0.0,0.0,0,0,Solar Photovoltaic,WECC_UT,1,0.0,0.0,1,1
WECC_WY_onshore_wind_turbine_1,61,0,1,0,3503.202,0.0,0,0.0,0.0,0.0,9.21,None,583.867,0.0,0.0,0.0,0.0,0,0,Onshore Wind Turbine,WECC_WY,1,0.0,0.0,1,1
WECC_WY_solar_photovoltaic_1,61,0,1,0,172.0,0.0,0,0.0,0.0,0.0,9.21,None,86.0,0.0,0.0,0.0,0.0,0,0,Solar Photovoltaic,WECC_WY,1,0.0,0.0,1,1
WEC_BANC_solar_photovoltaic_1,54,0,1,0,313.404,0.0,0,0.0,0.0,0.0,9.024,None,7.644,0.0,0.0,0.0,0.0,0,0,Solar Photovoltaic,WEC_BANC,1,0.0,0.0,1,1
WEC_CALN_onshore_wind_turbine_1,49,0,1,0,61.8,0.0,0,0.0,0.0,0.0,9.21,None,15.45,0.0,0.0,0.0,0.0,0,0,Onshore Wind Turbine,WEC_CALN,1,0.0,0.0,1,1
WEC_CALN_solar_photovoltaic_1,49,0,1,0,4862.294,0.0,0,0.0,0.0,0.0,8.983,None,22.721,0.0,0.0,0.0,0.0,0,0,Solar Photovoltaic,WEC_CALN,1,0.0,0.0,1,1
WEC_LADW_solar_photovoltaic_1,50,0,1,0,937.746,0.0,0,0.0,0.0,0.0,8.949,None,7.947,0.0,0.0,0.0,0.0,0,0,Solar Photovoltaic,WEC_LADW,1,0.0,0.0,1,1
WEC_SDGE_solar_photovoltaic_1,51,0,1,0,182.496,0.0,0,0.0,0.0,0.0,8.995,None,5.703,0.0,0.0,0.0,0.0,0,0,Solar Photovoltaic,WEC_SDGE,1,0.0,0.0,1,1
ERC_REST_offshorewind_class10_moderate_floating_0_1,1,0,1,1,0.0,10146.0,0,267419.4896,56095.98976,0.0,0.0,None,1.0,0.0,0.0,0.0,0.0,0,0,OffShoreWind_Class10_Moderate_floating_0,ERC_REST,1,0.0,0.0,1,1
ERC_REST_utilitypv_class1_moderate_0_2_1,1,0,1,1,0.0,3.999844245e6,0,35360.53058,15390.48615,0.0,0.0,None,1.0,0.0,0.0,0.0,0.0,0,0,UtilityPV_Class1_Moderate_0.2,ERC_REST,1,4776.194404,0.0,1,1
ERC_REST_utilitypv_class1_moderate_0_2_2,1,0,1,1,0.0,4.206231815e6,0,35360.53058,15390.48615,0.0,0.0,None,1.0,0.0,0.0,0.0,0.0,0,0,UtilityPV_Class1_Moderate_0.2,ERC_REST,2,10961.99741,0.0,1,1
ERC_REST_utilitypv_class1_moderate_0_2_3,1,0,1,1,0.0,662312.0284,0,35360.53058,15390.48615,0.0,0.0,None,1.0,0.0,0.0,0.0,0.0,0,0,UtilityPV_Class1_Moderate_0.2,ERC_REST,3,23726.21044,0.0,1,1
ERC_REST_landbasedwind_class4_moderate_1,1,0,1,1,0.0,205899.9469,0,57918.29494,34568.125,0.0,0.0,None,1.0,0.0,0.0,0.0,0.0,0,0,LandbasedWind_Class4_Moderate_,ERC_REST,1,7504.775489,0.0,1,1
ERC_REST_landbasedwind_class4_moderate_2,1,0,1,1,0.0,218644.0481,0,57918.29494,34568.125,0.0,0.0,None,1.0,0.0,0.0,0.0,0.0,0,0,LandbasedWind_Class4_Moderate_,ERC_REST,2,8765.226279,0.0,1,1
ERC_REST_landbasedwind_class4_moderate_3,1,0,1,1,0.0,81916.1063,0,57918.29494,34568.125,0.0,0.0,None,1.0,0.0,0.0,0.0,0.0,0,0,LandbasedWind_Class4_Moderate_,ERC_REST,3,14198.17179,0.0,1,1
ERC_WEST_utilitypv_class1_moderate_0_2_1,2,0,1,1,0.0,2.367420922e6,0,35360.53058,15390.48615,0.0,0.0,None,1.0,0.0,0.0,0.0,0.0,0,0,UtilityPV_Class1_Moderate_0.2,ERC_WEST,1,7554.176076,0.0,1,1
ERC_WEST_utilitypv_class1_moderate_0_2_2,2,0,1,1,0.0,2.040755643e6,0,35360.53058,15390.48615,0.0,0.0,None,1.0,0.0,0.0,0.0,0.0,0,0,UtilityPV_Class1_Moderate_0.2,ERC_WEST,2,16007.82003,0.0,1,1
ERC_WEST_landbasedwind_class4_moderate_1,2,0,1,1,0.0,229446.5126,0,57918.29494,34568.125,0.0,0.0,None,1.0,0.0,0.0,0.0,0.0,0,0,LandbasedWind_Class4_Moderate_,ERC_WEST,1,10793.36736,0.0,1,1
ERC_PHDL_utilitypv_class1_moderate_0_2_1,3,0,1,1,0.0,380534.1792,0,35360.53058,15390.48615,0.0,0.0,None,1.0,0.0,0.0,0.0,0.0,0,0,UtilityPV_Class1_Moderate_0.2,ERC_PHDL,1,7113.928889,0.0,1,1
ERC_PHDL_utilitypv_class1_moderate_0_2_2,3,0,1,1,0.0,286143.6181,0,35360.53058,15390.48615,0.0,0.0,None,1.0,0.0,0.0,0.0,0.0,0,0,UtilityPV_Class1_Moderate_0.2,ERC_PHDL,2,12444.4175,0.0,1,1
ERC_PHDL_landbasedwind_class4_moderate_1,3,0,1,1,0.0,33590.14901,0,57918.29494,34568.125,0.0,0.0,None,1.0,0.0,0.0,0.0,0.0,0,0,LandbasedWind_Class4_Moderate_,ERC_PHDL,1,9062.727844,0.0,1,1
FRCC_offshorewind_class10_moderate_floating_0_1,4,0,1,1,0.0,10966.0,0,272596.9763,56095.98976,0.0,0.0,None,1.0,0.0,0.0,0.0,0.0,0,0,OffShoreWind_Class10_Moderate_floating_0,FRCC,1,0.0,0.0,1,1
FRCC_utilitypv_class1_moderate_0_2_1,4,0,1,1,0.0,1.037071048e6,0,34703.00006,15390.48615,0.0,0.0,None,1.0,0.0,0.0,0.0,0.0,0,0,UtilityPV_Class1_Moderate_0.2,FRCC,1,2147.477219,0.0,1,1
FRCC_utilitypv_class1_moderate_0_2_2,4,0,1,1,0.0,868834.7519,0,34703.00006,15390.48615,0.0,0.0,None,1.0,0.0,0.0,0.0,0.0,0,0,UtilityPV_Class1_Moderate_0.2,FRCC,2,5077.806438,0.0,1,1
FRCC_utilitypv_class1_moderate_0_2_3,4,0,1,1,0.0,288379.0915,0,34703.00006,15390.48615,0.0,0.0,None,1.0,0.0,0.0,0.0,0.0,0,0,UtilityPV_Class1_Moderate_0.2,FRCC,3,10937.02555,0.0,1,1
FRCC_landbasedwind_class4_moderate_1,4,0,1,1,0.0,18245.49294,0,62263.719,34568.125,0.0,0.0,None,1.0,0.0,0.0,0.0,0.0,0,0,LandbasedWind_Class4_Moderate_,FRCC,1,2326.617287,0.0,1,1
FRCC_landbasedwind_class4_moderate_2,4,0,1,1,0.0,71334.07093,0,62263.719,34568.125,0.0,0.0,None,1.0,0.0,0.0,0.0,0.0,0,0,LandbasedWind_Class4_Moderate_,FRCC,2,4116.755688,0.0,1,1
FRCC_landbasedwind_class4_moderate_3,4,0,1,1,0.0,33629.49453,0,62263.719,34568.125,0.0,0.0,None,1.0,0.0,0.0,0.0,0.0,0,0,LandbasedWind_Class4_Moderate_,FRCC,3,6423.523813,0.0,1,1
MIS_MAPP_utilitypv_class1_moderate_0_2_1,5,0,1,1,0.0,2.939150332e7,0,34922.1769,15390.48615,0.0,0.0,None,1.0,0.0,0.0,0.0,0.0,0,0,UtilityPV_Class1_Moderate_0.2,MIS_MAPP,1,15111.88004,0.0,1,1
MIS_MAPP_landbasedwind_class4_moderate_1,5,0,1,1,0.0,1.911535934e6,0,59283.99965,34568.125,0.0,0.0,None,1.0,0.0,0.0,0.0,0.0,0,0,LandbasedWind_Class4_Moderate_,MIS_MAPP,1,16963.86551,0.0,1,1
MIS_MAPP_landbasedwind_class4_moderate_2,5,0,1,1,0.0,1.182199936e6,0,59283.99965,34568.125,0.0,0.0,None,1.0,0.0,0.0,0.0,0.0,0,0,LandbasedWind_Class4_Moderate_,MIS_MAPP,2,36843.18816,0.0,1,1
MIS_IL_utilitypv_class1_moderate_0_2_1,6,0,1,1,0.0,1.073209545e6,0,37187.00427,15390.48615,0.0,0.0,None,1.0,0.0,0.0,0.0,0.0,0,0,UtilityPV_Class1_Moderate_0.2,MIS_IL,1,4461.498396,0.0,1,1
MIS_IL_utilitypv_class1_moderate_0_2_2,6,0,1,1,0.0,1.172917891e6,0,37187.00427,15390.48615,0.0,0.0,None,1.0,0.0,0.0,0.0,0.0,0,0,UtilityPV_Class1_Moderate_0.2,MIS_IL,2,9095.338941,0.0,1,1
MIS_IL_utilitypv_class1_moderate_0_2_3,6,0,1,1,0.0,379159.1737,0,37187.00427,15390.48615,0.0,0.0,None,1.0,0.0,0.0,0.0,0.0,0,0,UtilityPV_Class1_Moderate_0.2,MIS_IL,3,14334.99083,0.0,1,1
MIS_IL_landbasedwind_class4_moderate_1,6,0,1,1,0.0,73065.43564,0,59283.99965,34568.125,0.0,0.0,None,1.0,0.0,0.0,0.0,0.0,0,0,LandbasedWind_Class4_Moderate_,MIS_IL,1,5864.269323,0.0,1,1
MIS_INKY_utilitypv_class1_moderate_0_2_1,7,0,1,1,0.0,4.333709356e6,0,37187.00427,15390.48615,0.0,0.0,None,1.0,0.0,0.0,0.0,0.0,0,0,UtilityPV_Class1_Moderate_0.2,MIS_INKY,1,2994.642178,0.0,1,1
MIS_INKY_landbasedwind_class4_moderate_1,7,0,1,1,0.0,261790.2435,0,59283.99965,34568.125,0.0,0.0,None,1.0,0.0,0.0,0.0,0.0,0,0,LandbasedWind_Class4_Moderate_,MIS_INKY,1,3973.300845,0.0,1,1
MIS_IA_utilitypv_class1_moderate_0_2_1,8,0,1,1,0.0,4.323480684e6,0,36164.17901,15390.48615,0.0,0.0,None,1.0,0.0,0.0,0.0,0.0,0,0,UtilityPV_Class1_Moderate_0.2,MIS_IA,1,8747.034586,0.0,1,1
MIS_IA_landbasedwind_class4_moderate_1,8,0,1,1,0.0,227904.296,0,59283.99965,34568.125,0.0,0.0,None,1.0,0.0,0.0,0.0,0.0,0,0,LandbasedWind_Class4_Moderate_,MIS_IA,1,9589.836512,0.0,1,1
MIS_MIDA_utilitypv_class1_moderate_0_2_1,9,0,1,1,0.0,591801.7463,0,34922.1769,15390.48615,0.0,0.0,None,1.0,0.0,0.0,0.0,0.0,0,0,UtilityPV_Class1_Moderate_0.2,MIS_MIDA,1,4038.123513,0.0,1,1
MIS_MIDA_utilitypv_class1_moderate_0_2_2,9,0,1,1,0.0,804469.924,0,34922.1769,15390.48615,0.0,0.0,None,1.0,0.0,0.0,0.0,0.0,0,0,UtilityPV_Class1_Moderate_0.2,MIS_MIDA,2,9373.430004,0.0,1,1
MIS_MIDA_landbasedwind_class4_moderate_1,9,0,1,1,0.0,37204.18529,0,59283.99965,34568.125,0.0,0.0,None,1.0,0.0,0.0,0.0,0.0,0,0,LandbasedWind_Class4_Moderate_,MIS_MIDA,1,6763.404452,0.0,1,1
MIS_LMI_utilitypv_class1_moderate_0_2_1,10,0,1,1,0.0,1.309533135e6,0,36821.70953,15390.48615,0.0,0.0,None,1.0,0.0,0.0,0.0,0.0,0,0,UtilityPV_Class1_Moderate_0.2,MIS_LMI,1,3853.527481,0.0,1,1
MIS_LMI_utilitypv_class1_moderate_0_2_2,10,0,1,1,0.0,612584.8991,0,36821.70953,15390.48615,0.0,0.0,None,1.0,0.0,0.0,0.0,0.0,0,0,UtilityPV_Class1_Moderate_0.2,MIS_LMI,2,10295.58292,0.0,1,1
MIS_LMI_utilitypv_class1_moderate_0_2_3,10,0,1,1,0.0,594643.0909,0,36821.70953,15390.48615,0.0,0.0,None,1.0,0.0,0.0,0.0,0.0,0,0,UtilityPV_Class1_Moderate_0.2,MIS_LMI,3,18028.81782,0.0,1,1
MIS_LMI_landbasedwind_class4_moderate_1,10,0,1,1,0.0,67204.25673,0,71016.6446,34568.125,0.0,0.0,None,1.0,0.0,0.0,0.0,0.0,0,0,LandbasedWind_Class4_Moderate_,MIS_LMI,1,4494.798752,0.0,1,1
MIS_LMI_landbasedwind_class4_moderate_2,10,0,1,1,0.0,47541.21353,0,71016.6446,34568.125,0.0,0.0,None,1.0,0.0,0.0,0.0,0.0,0,0,LandbasedWind_Class4_Moderate_,MIS_LMI,2,10558.79144,0.0,1,1
MIS_LMI_landbasedwind_class4_moderate_3,10,0,1,1,0.0,27250.9867,0,71016.6446,34568.125,0.0,0.0,None,1.0,0.0,0.0,0.0,0.0,0,0,LandbasedWind_Class4_Moderate_,MIS_LMI,3,15952.83243,0.0,1,1
MIS_MO_utilitypv_class1_moderate_0_2_1,11,0,1,1,0.0,4.081856081e6,0,37187.00427,15390.48615,0.0,0.0,None,1.0,0.0,0.0,0.0,0.0,0,0,UtilityPV_Class1_Moderate_0.2,MIS_MO,1,5597.842802,0.0,1,1
MIS_MO_utilitypv_class1_moderate_0_2_2,11,0,1,1,0.0,1.63026313e6,0,37187.00427,15390.48615,0.0,0.0,None,1.0,0.0,0.0,0.0,0.0,0,0,UtilityPV_Class1_Moderate_0.2,MIS_MO,2,12356.90015,0.0,1,1
MIS_MO_utilitypv_class1_moderate_0_2_3,11,0,1,1,0.0,1.847533141e6,0,37187.00427,15390.48615,0.0,0.0,None,1.0,0.0,0.0,0.0,0.0,0,0,UtilityPV_Class1_Moderate_0.2,MIS_MO,3,25107.0148,0.0,1,1
MIS_MO_landbasedwind_class4_moderate_1,11,0,1,1,0.0,172264.6566,0,59283.99965,34568.125,0.0,0.0,None,1.0,0.0,0.0,0.0,0.0,0,0,LandbasedWind_Class4_Moderate_,MIS_MO,1,7231.731979,0.0,1,1
MIS_WUMS_utilitypv_class1_moderate_0_2_1,12,0,1,1,0.0,7.34133781e6,0,36164.17901,15390.48615,0.0,0.0,None,1.0,0.0,0.0,0.0,0.0,0,0,UtilityPV_Class1_Moderate_0.2,MIS_WUMS,1,6452.144487,0.0,1,1
MIS_WUMS_utilitypv_class1_moderate_0_2_2,12,0,1,1,0.0,3.786451024e6,0,36164.17901,15390.48615,0.0,0.0,None,1.0,0.0,0.0,0.0,0.0,0,0,UtilityPV_Class1_Moderate_0.2,MIS_WUMS,2,18339.80607,0.0,1,1
MIS_WUMS_utilitypv_class1_moderate_0_2_3,12,0,1,1,0.0,1.881982453e6,0,36164.17901,15390.48615,0.0,0.0,None,1.0,0.0,0.0,0.0,0.0,0,0,UtilityPV_Class1_Moderate_0.2,MIS_WUMS,3,37155.64789,0.0,1,1
MIS_WUMS_landbasedwind_class4_moderate_1,12,0,1,1,0.0,305957.4497,0,59283.99965,34568.125,0.0,0.0,None,1.0,0.0,0.0,0.0,0.0,0,0,LandbasedWind_Class4_Moderate_,MIS_WUMS,1,6311.133017,0.0,1,1
MIS_WUMS_landbasedwind_class4_moderate_2,12,0,1,1,0.0,350567.0738,0,59283.99965,34568.125,0.0,0.0,None,1.0,0.0,0.0,0.0,0.0,0,0,LandbasedWind_Class4_Moderate_,MIS_WUMS,2,16913.67511,0.0,1,1
MIS_MNWI_utilitypv_class1_moderate_0_2_1,13,0,1,1,0.0,4.493830949e7,0,36164.17901,15390.48615,0.0,0.0,None,1.0,0.0,0.0,0.0,0.0,0,0,UtilityPV_Class1_Moderate_0.2,MIS_MNWI,1,6676.220883,0.0,1,1
MIS_MNWI_utilitypv_class1_moderate_0_2_2,13,0,1,1,0.0,3.599206884e7,0,36164.17901,15390.48615,0.0,0.0,None,1.0,0.0,0.0,0.0,0.0,0,0,UtilityPV_Class1_Moderate_0.2,MIS_MNWI,2,14385.95892,0.0,1,1
MIS_MNWI_utilitypv_class1_moderate_0_2_3,13,0,1,1,0.0,2.363584824e7,0,36164.17901,15390.48615,0.0,0.0,None,1.0,0.0,0.0,0.0,0.0,0,0,UtilityPV_Class1_Moderate_0.2,MIS_MNWI,3,23029.84329,0.0,1,1
MIS_MNWI_landbasedwind_class4_moderate_1,13,0,1,1,0.0,2.431115823e6,0,59283.99965,34568.125,0.0,0.0,None,1.0,0.0,0.0,0.0,0.0,0,0,LandbasedWind_Class4_Moderate_,MIS_MNWI,1,8391.209946,0.0,1,1
MIS_MNWI_landbasedwind_class4_moderate_2,13,0,1,1,0.0,2.670543242e6,0,59283.99965,34568.125,0.0,0.0,None,1.0,0.0,0.0,0.0,0.0,0,0,LandbasedWind_Class4_Moderate_,MIS_MNWI,2,15392.36465,0.0,1,1
MIS_WOTA_offshorewind_class10_moderate_floating_0_1,14,0,1,1,0.0,3778.0,0,263367.5435,56095.98976,0.0,0.0,None,1.0,0.0,0.0,0.0,0.0,0,0,OffShoreWind_Class10_Moderate_floating_0,MIS_WOTA,1,0.0,0.0,1,1
MIS_WOTA_utilitypv_class1_moderate_0_2_1,14,0,1,1,0.0,1.346914474e6,0,34995.23585,15390.48615,0.0,0.0,None,1.0,0.0,0.0,0.0,0.0,0,0,UtilityPV_Class1_Moderate_0.2,MIS_WOTA,1,3143.126767,0.0,1,1
MIS_WOTA_utilitypv_class1_moderate_0_2_2,14,0,1,1,0.0,1.114897755e6,0,34995.23585,15390.48615,0.0,0.0,None,1.0,0.0,0.0,0.0,0.0,0,0,UtilityPV_Class1_Moderate_0.2,MIS_WOTA,2,6805.571878,0.0,1,1
MIS_WOTA_utilitypv_class1_moderate_0_2_3,14,0,1,1,0.0,718429.6576,0,34995.23585,15390.48615,0.0,0.0,None,1.0,0.0,0.0,0.0,0.0,0,0,UtilityPV_Class1_Moderate_0.2,MIS_WOTA,3,11715.09278,0.0,1,1
MIS_WOTA_landbasedwind_class4_moderate_1,14,0,1,1,0.0,66271.82051,0,59283.99965,34568.125,0.0,0.0,None,1.0,0.0,0.0,0.0,0.0,0,0,LandbasedWind_Class4_Moderate_,MIS_WOTA,1,3671.977226,0.0,1,1
MIS_WOTA_landbasedwind_class4_moderate_2,14,0,1,1,0.0,87779.82705,0,59283.99965,34568.125,0.0,0.0,None,1.0,0.0,0.0,0.0,0.0,0,0,LandbasedWind_Class4_Moderate_,MIS_WOTA,2,6997.507354,0.0,1,1
MIS_WOTA_landbasedwind_class4_moderate_3,14,0,1,1,0.0,26886.62182,0,59283.99965,34568.125,0.0,0.0,None,1.0,0.0,0.0,0.0,0.0,0,0,LandbasedWind_Class4_Moderate_,MIS_WOTA,3,10773.18939,0.0,1,1
MIS_AMSO_offshorewind_class10_moderate_floating_0_1,15,0,1,1,0.0,23308.0,0,263367.5435,56095.98976,0.0,0.0,None,1.0,0.0,0.0,0.0,0.0,0,0,OffShoreWind_Class10_Moderate_floating_0,MIS_AMSO,1,0.0,0.0,1,1
MIS_AMSO_utilitypv_class1_moderate_0_2_1,15,0,1,1,0.0,142104.1495,0,34995.23585,15390.48615,0.0,0.0,None,1.0,0.0,0.0,0.0,0.0,0,0,UtilityPV_Class1_Moderate_0.2,MIS_AMSO,1,2189.831575,0.0,1,1
MIS_AMSO_utilitypv_class1_moderate_0_2_2,15,0,1,1,0.0,134517.9429,0,34995.23585,15390.48615,0.0,0.0,None,1.0,0.0,0.0,0.0,0.0,0,0,UtilityPV_Class1_Moderate_0.2,MIS_AMSO,2,4860.418686,0.0,1,1
MIS_AMSO_utilitypv_class1_moderate_0_2_3,15,0,1,1,0.0,5421.464698,0,34995.23585,15390.48615,0.0,0.0,None,1.0,0.0,0.0,0.0,0.0,0,0,UtilityPV_Class1_Moderate_0.2,MIS_AMSO,3,11636.5481,0.0,1,1
MIS_AMSO_landbasedwind_class4_moderate_1,15,0,1,1,0.0,1157.84312,0,59283.99965,34568.125,0.0,0.0,None,1.0,0.0,0.0,0.0,0.0,0,0,LandbasedWind_Class4_Moderate_,MIS_AMSO,1,7489.747326,0.0,1,1
MIS_AMSO_landbasedwind_class4_moderate_2,15,0,1,1,0.0,6160.870311,0,59283.99965,34568.125,0.0,0.0,None,1.0,0.0,0.0,0.0,0.0,0,0,LandbasedWind_Class4_Moderate_,MIS_AMSO,2,3241.28705,0.0,1,1
MIS_AMSO_landbasedwind_class4_moderate_3,15,0,1,1,0.0,8825.074056,0,59283.99965,34568.125,0.0,0.0,None,1.0,0.0,0.0,0.0,0.0,0,0,LandbasedWind_Class4_Moderate_,MIS_AMSO,3,3524.937797,0.0,1,1
MIS_AR_utilitypv_class1_moderate_0_2_1,16,0,1,1,0.0,953013.6782,0,34995.23585,15390.48615,0.0,0.0,None,1.0,0.0,0.0,0.0,0.0,0,0,UtilityPV_Class1_Moderate_0.2,MIS_AR,1,4577.233425,0.0,1,1
MIS_AR_utilitypv_class1_moderate_0_2_2,16,0,1,1,0.0,919762.7062,0,34995.23585,15390.48615,0.0,0.0,None,1.0,0.0,0.0,0.0,0.0,0,0,UtilityPV_Class1_Moderate_0.2,MIS_AR,2,10058.85972,0.0,1,1
MIS_AR_utilitypv_class1_moderate_0_2_3,16,0,1,1,0.0,367670.6735,0,34995.23585,15390.48615,0.0,0.0,None,1.0,0.0,0.0,0.0,0.0,0,0,UtilityPV_Class1_Moderate_0.2,MIS_AR,3,15385.2024,0.0,1,1
MIS_AR_landbasedwind_class4_moderate_1,16,0,1,1,0.0,68202.67972,0,59283.99965,34568.125,0.0,0.0,None,1.0,0.0,0.0,0.0,0.0,0,0,LandbasedWind_Class4_Moderate_,MIS_AR,1,7262.545954,0.0,1,1
MIS_AR_landbasedwind_class4_moderate_2,16,0,1,1,0.0,52116.36545,0,59283.99965,34568.125,0.0,0.0,None,1.0,0.0,0.0,0.0,0.0,0,0,LandbasedWind_Class4_Moderate_,MIS_AR,2,10391.18733,0.0,1,1
MIS_AR_landbasedwind_class4_moderate_3,16,0,1,1,0.0,7148.699618,0,59283.99965,34568.125,0.0,0.0,None,1.0,0.0,0.0,0.0,0.0,0,0,LandbasedWind_Class4_Moderate_,MIS_AR,3,8008.677309,0.0,1,1
MIS_D_MS_utilitypv_class1_moderate_0_2_1,17,0,1,1,0.0,1.263805991e6,0,34995.23585,15390.48615,0.0,0.0,None,1.0,0.0,0.0,0.0,0.0,0,0,UtilityPV_Class1_Moderate_0.2,MIS_D_MS,1,6848.877879,0.0,1,1
MIS_D_MS_utilitypv_class1_moderate_0_2_2,17,0,1,1,0.0,715648.376,0,34995.23585,15390.48615,0.0,0.0,None,1.0,0.0,0.0,0.0,0.0,0,0,UtilityPV_Class1_Moderate_0.2,MIS_D_MS,2,14897.71997,0.0,1,1
MIS_D_MS_utilitypv_class1_moderate_0_2_3,17,0,1,1,0.0,228767.2467,0,34995.23585,15390.48615,0.0,0.0,None,1.0,0.0,0.0,0.0,0.0,0,0,UtilityPV_Class1_Moderate_0.2,MIS_D_MS,3,26615.2986,0.0,1,1
MIS_D_MS_landbasedwind_class4_moderate_1,17,0,1,1,0.0,53232.91218,0,59283.99965,34568.125,0.0,0.0,None,1.0,0.0,0.0,0.0,0.0,0,0,LandbasedWind_Class4_Moderate_,MIS_D_MS,1,9397.628497,0.0,1,1
MIS_LA_utilitypv_class1_moderate_0_2_1,18,0,1,1,0.0,604372.5846,0,34995.23585,15390.48615,0.0,0.0,None,1.0,0.0,0.0,0.0,0.0,0,0,UtilityPV_Class1_Moderate_0.2,MIS_LA,1,3658.925872,0.0,1,1
MIS_LA_utilitypv_class1_moderate_0_2_2,18,0,1,1,0.0,1.024152472e6,0,34995.23585,15390.48615,0.0,0.0,None,1.0,0.0,0.0,0.0,0.0,0,0,UtilityPV_Class1_Moderate_0.2,MIS_LA,2,8617.491899,0.0,1,1
MIS_LA_utilitypv_class1_moderate_0_2_3,18,0,1,1,0.0,344007.938,0,34995.23585,15390.48615,0.0,0.0,None,1.0,0.0,0.0,0.0,0.0,0,0,UtilityPV_Class1_Moderate_0.2,MIS_LA,3,14724.17577,0.0,1,1
MIS_LA_landbasedwind_class4_moderate_1,18,0,1,1,0.0,32090.06653,0,59283.99965,34568.125,0.0,0.0,None,1.0,0.0,0.0,0.0,0.0,0,0,LandbasedWind_Class4_Moderate_,MIS_LA,1,6022.68354,0.0,1,1
MIS_LA_landbasedwind_class4_moderate_2,18,0,1,1,0.0,56050.3434,0,59283.99965,34568.125,0.0,0.0,None,1.0,0.0,0.0,0.0,0.0,0,0,LandbasedWind_Class4_Moderate_,MIS_LA,2,7854.530368,0.0,1,1
NENG_CT_utilitypv_class1_moderate_0_2_1,19,0,1,1,0.0,155133.7404,0,37150.4748,15390.48615,0.0,0.0,None,1.0,0.0,0.0,0.0,0.0,0,0,UtilityPV_Class1_Moderate_0.2,NENG_CT,1,1842.976431,0.0,1,1
NENG_CT_utilitypv_class1_moderate_0_2_2,19,0,1,1,0.0,56917.90382,0,37150.4748,15390.48615,0.0,0.0,None,1.0,0.0,0.0,0.0,0.0,0,0,UtilityPV_Class1_Moderate_0.2,NENG_CT,2,4019.646502,0.0,1,1
NENG_CT_utilitypv_class1_moderate_0_2_3,19,0,1,1,0.0,11930.56386,0,37150.4748,15390.48615,0.0,0.0,None,1.0,0.0,0.0,0.0,0.0,0,0,UtilityPV_Class1_Moderate_0.2,NENG_CT,3,6639.822056,0.0,1,1
NENG_CT_landbasedwind_class4_moderate_1,19,0,1,1,0.0,6792.591112,0,78590.09796,34568.125,0.0,0.0,None,1.0,0.0,0.0,0.0,0.0,0,0,LandbasedWind_Class4_Moderate_,NENG_CT,1,2717.728196,0.0,1,1
NENG_CT_landbasedwind_class4_moderate_2,19,0,1,1,0.0,4048.491862,0,78590.09796,34568.125,0.0,0.0,None,1.0,0.0,0.0,0.0,0.0,0,0,LandbasedWind_Class4_Moderate_,NENG_CT,2,2586.860813,0.0,1,1
NENG_CT_landbasedwind_class4_moderate_3,19,0,1,1,0.0,1829.947173,0,78590.09796,34568.125,0.0,0.0,None,1.0,0.0,0.0,0.0,0.0,0,0,LandbasedWind_Class4_Moderate_,NENG_CT,3,2575.28238,0.0,1,1
NENGREST_offshorewind_class10_moderate_floating_0_1,20,0,1,1,0.0,10566.0,0,272596.9763,56095.98976,0.0,0.0,None,1.0,0.0,0.0,0.0,0.0,0,0,OffShoreWind_Class10_Moderate_floating_0,NENGREST,1,0.0,0.0,1,1
NENGREST_utilitypv_class1_moderate_0_2_1,20,0,1,1,0.0,1.105270696e7,0,37150.4748,15390.48615,0.0,0.0,None,1.0,0.0,0.0,0.0,0.0,0,0,UtilityPV_Class1_Moderate_0.2,NENGREST,1,3608.456884,0.0,1,1
NENGREST_utilitypv_class1_moderate_0_2_2,20,0,1,1,0.0,9.611599143e6,0,37150.4748,15390.48615,0.0,0.0,None,1.0,0.0,0.0,0.0,0.0,0,0,UtilityPV_Class1_Moderate_0.2,NENGREST,2,10363.82562,0.0,1,1
NENGREST_utilitypv_class1_moderate_0_2_3,20,0,1,1,0.0,3.810951975e6,0,37150.4748,15390.48615,0.0,0.0,None,1.0,0.0,0.0,0.0,0.0,0,0,UtilityPV_Class1_Moderate_0.2,NENGREST,3,17521.30912,0.0,1,1
NENGREST_landbasedwind_class4_moderate_1,20,0,1,1,0.0,655328.8788,0,78590.09796,34568.125,0.0,0.0,None,1.0,0.0,0.0,0.0,0.0,0,0,LandbasedWind_Class4_Moderate_,NENGREST,1,6224.301883,0.0,1,1
NENGREST_landbasedwind_class4_moderate_2,20,0,1,1,0.0,522321.2424,0,78590.09796,34568.125,0.0,0.0,None,1.0,0.0,0.0,0.0,0.0,0,0,LandbasedWind_Class4_Moderate_,NENGREST,2,9738.285362,0.0,1,1
NENGREST_landbasedwind_class4_moderate_3,20,0,1,1,0.0,210900.647,0,78590.09796,34568.125,0.0,0.0,None,1.0,0.0,0.0,0.0,0.0,0,0,LandbasedWind_Class4_Moderate_,NENGREST,3,12046.99556,0.0,1,1
NENG_ME_offshorewind_class10_moderate_floating_0_1,21,0,1,1,0.0,10594.0,0,272596.9763,56095.98976,0.0,0.0,None,1.0,0.0,0.0,0.0,0.0,0,0,OffShoreWind_Class10_Moderate_floating_0,NENG_ME,1,0.0,0.0,1,1
NENG_ME_utilitypv_class1_moderate_0_2_1,21,0,1,1,0.0,898911.7195,0,37150.4748,15390.48615,0.0,0.0,None,1.0,0.0,0.0,0.0,0.0,0,0,UtilityPV_Class1_Moderate_0.2,NENG_ME,1,6578.305621,0.0,1,1
NENG_ME_utilitypv_class1_moderate_0_2_2,21,0,1,1,0.0,710278.2087,0,37150.4748,15390.48615,0.0,0.0,None,1.0,0.0,0.0,0.0,0.0,0,0,UtilityPV_Class1_Moderate_0.2,NENG_ME,2,16798.57906,0.0,1,1
NENG_ME_utilitypv_class1_moderate_0_2_3,21,0,1,1,0.0,503970.663,0,37150.4748,15390.48615,0.0,0.0,None,1.0,0.0,0.0,0.0,0.0,0,0,UtilityPV_Class1_Moderate_0.2,NENG_ME,3,28870.32989,0.0,1,1
NENG_ME_landbasedwind_class4_moderate_1,21,0,1,1,0.0,63617.89295,0,78590.09796,34568.125,0.0,0.0,None,1.0,0.0,0.0,0.0,0.0,0,0,LandbasedWind_Class4_Moderate_,NENG_ME,1,12977.68257,0.0,1,1
NENG_ME_landbasedwind_class4_moderate_2,21,0,1,1,0.0,47979.45577,0,78590.09796,34568.125,0.0,0.0,None,1.0,0.0,0.0,0.0,0.0,0,0,LandbasedWind_Class4_Moderate_,NENG_ME,2,18530.33276,0.0,1,1
NENG_ME_landbasedwind_class4_moderate_3,21,0,1,1,0.0,10587.40716,0,78590.09796,34568.125,0.0,0.0,None,1.0,0.0,0.0,0.0,0.0,0,0,LandbasedWind_Class4_Moderate_,NENG_ME,3,20774.68846,0.0,1,1
NY_Z_C&E_utilitypv_class1_moderate_0_2_1,22,0,1,1,0.0,301819.7562,0,36821.70953,15390.48615,0.0,0.0,None,1.0,0.0,0.0,0.0,0.0,0,0,UtilityPV_Class1_Moderate_0.2,NY_Z_C&E,1,2894.545289,0.0,1,1
NY_Z_C&E_utilitypv_class1_moderate_0_2_2,22,0,1,1,0.0,510653.4066,0,36821.70953,15390.48615,0.0,0.0,None,1.0,0.0,0.0,0.0,0.0,0,0,UtilityPV_Class1_Moderate_0.2,NY_Z_C&E,2,6131.567592,0.0,1,1
NY_Z_C&E_utilitypv_class1_moderate_0_2_3,22,0,1,1,0.0,393188.3574,0,36821.70953,15390.48615,0.0,0.0,None,1.0,0.0,0.0,0.0,0.0,0,0,UtilityPV_Class1_Moderate_0.2,NY_Z_C&E,3,9952.329123,0.0,1,1
NY_Z_C&E_landbasedwind_class4_moderate_1,22,0,1,1,0.0,31742.22415,0,95847.63922,34568.125,0.0,0.0,None,1.0,0.0,0.0,0.0,0.0,0,0,LandbasedWind_Class4_Moderate_,NY_Z_C&E,1,6375.367332,0.0,1,1
NY_Z_C&E_landbasedwind_class4_moderate_2,22,0,1,1,0.0,28855.82693,0,95847.63922,34568.125,0.0,0.0,None,1.0,0.0,0.0,0.0,0.0,0,0,LandbasedWind_Class4_Moderate_,NY_Z_C&E,2,6876.879045,0.0,1,1
NY_Z_C&E_landbasedwind_class4_moderate_3,22,0,1,1,0.0,7970.636072,0,95847.63922,34568.125,0.0,0.0,None,1.0,0.0,0.0,0.0,0.0,0,0,LandbasedWind_Class4_Moderate_,NY_Z_C&E,3,6098.078101,0.0,1,1
NY_Z_F_utilitypv_class1_moderate_0_2_1,23,0,1,1,0.0,347595.2081,0,36821.70953,15390.48615,0.0,0.0,None,1.0,0.0,0.0,0.0,0.0,0,0,UtilityPV_Class1_Moderate_0.2,NY_Z_F,1,5003.290519,0.0,1,1
NY_Z_F_utilitypv_class1_moderate_0_2_2,23,0,1,1,0.0,203893.6146,0,36821.70953,15390.48615,0.0,0.0,None,1.0,0.0,0.0,0.0,0.0,0,0,UtilityPV_Class1_Moderate_0.2,NY_Z_F,2,14047.59217,0.0,1,1
NY_Z_F_utilitypv_class1_moderate_0_2_3,23,0,1,1,0.0,119245.3219,0,36821.70953,15390.48615,0.0,0.0,None,1.0,0.0,0.0,0.0,0.0,0,0,UtilityPV_Class1_Moderate_0.2,NY_Z_F,3,22757.50356,0.0,1,1
NY_Z_F_landbasedwind_class4_moderate_1,23,0,1,1,0.0,13605.53897,0,95847.63922,34568.125,0.0,0.0,None,1.0,0.0,0.0,0.0,0.0,0,0,LandbasedWind_Class4_Moderate_,NY_Z_F,1,9381.007279,0.0,1,1
NY_Z_F_landbasedwind_class4_moderate_2,23,0,1,1,0.0,16786.70124,0,95847.63922,34568.125,0.0,0.0,None,1.0,0.0,0.0,0.0,0.0,0,0,LandbasedWind_Class4_Moderate_,NY_Z_F,2,10641.28144,0.0,1,1
NY_Z_F_landbasedwind_class4_moderate_3,23,0,1,1,0.0,7668.769693,0,95847.63922,34568.125,0.0,0.0,None,1.0,0.0,0.0,0.0,0.0,0,0,LandbasedWind_Class4_Moderate_,NY_Z_F,3,14034.9766,0.0,1,1
NY_Z_G-I_utilitypv_class1_moderate_0_2_1,24,0,1,1,0.0,99476.02906,0,36821.70953,15390.48615,0.0,0.0,None,1.0,0.0,0.0,0.0,0.0,0,0,UtilityPV_Class1_Moderate_0.2,NY_Z_G-I,1,1722.847439,0.0,1,1
NY_Z_G-I_utilitypv_class1_moderate_0_2_2,24,0,1,1,0.0,116055.9322,0,36821.70953,15390.48615,0.0,0.0,None,1.0,0.0,0.0,0.0,0.0,0,0,UtilityPV_Class1_Moderate_0.2,NY_Z_G-I,2,4475.529857,0.0,1,1
NY_Z_G-I_utilitypv_class1_moderate_0_2_3,24,0,1,1,0.0,38040.83177,0,36821.70953,15390.48615,0.0,0.0,None,1.0,0.0,0.0,0.0,0.0,0,0,UtilityPV_Class1_Moderate_0.2,NY_Z_G-I,3,7100.763401,0.0,1,1
NY_Z_G-I_landbasedwind_class4_moderate_1,24,0,1,1,0.0,5726.624746,0,95847.63922,34568.125,0.0,0.0,None,1.0,0.0,0.0,0.0,0.0,0,0,LandbasedWind_Class4_Moderate_,NY_Z_G-I,1,4339.739955,0.0,1,1
NY_Z_G-I_landbasedwind_class4_moderate_2,24,0,1,1,0.0,6034.451706,0,95847.63922,34568.125,0.0,0.0,None,1.0,0.0,0.0,0.0,0.0,0,0,LandbasedWind_Class4_Moderate_,NY_Z_G-I,2,3394.330317,0.0,1,1
NY_Z_G-I_landbasedwind_class4_moderate_3,24,0,1,1,0.0,2503.073598,0,95847.63922,34568.125,0.0,0.0,None,1.0,0.0,0.0,0.0,0.0,0,0,LandbasedWind_Class4_Moderate_,NY_Z_G-I,3,3460.265518,0.0,1,1
NY_Z_J_offshorewind_class10_moderate_floating_0_1,25,0,1,1,0.0,4944.0,0,273947.625,56095.98976,0.0,0.0,None,1.0,0.0,0.0,0.0,0.0,0,0,OffShoreWind_Class10_Moderate_floating_0,NY_Z_J,1,0.0,0.0,1,1
NY_Z_K_offshorewind_class10_moderate_floating_0_1,26,0,1,1,0.0,10944.0,0,273947.625,56095.98976,0.0,0.0,None,1.0,0.0,0.0,0.0,0.0,0,0,OffShoreWind_Class10_Moderate_floating_0,NY_Z_K,1,0.0,0.0,1,1
NY_Z_K_utilitypv_class1_moderate_0_2_1,26,0,1,1,0.0,4703.808686,0,43725.78007,15390.48615,0.0,0.0,None,1.0,0.0,0.0,0.0,0.0,0,0,UtilityPV_Class1_Moderate_0.2,NY_Z_K,1,5044.332867,0.0,1,1
NY_Z_K_utilitypv_class1_moderate_0_2_2,26,0,1,1,0.0,16447.11234,0,43725.78007,15390.48615,0.0,0.0,None,1.0,0.0,0.0,0.0,0.0,0,0,UtilityPV_Class1_Moderate_0.2,NY_Z_K,2,14260.57436,0.0,1,1
NY_Z_K_landbasedwind_class4_moderate_1,26,0,1,1,0.0,64.37915522,0,85170.31154,34568.125,0.0,0.0,None,1.0,0.0,0.0,0.0,0.0,0,0,LandbasedWind_Class4_Moderate_,NY_Z_K,1,5764.699153,0.0,1,1
NY_Z_K_landbasedwind_class4_moderate_2,26,0,1,1,0.0,697.1574893,0,85170.31154,34568.125,0.0,0.0,None,1.0,0.0,0.0,0.0,0.0,0,0,LandbasedWind_Class4_Moderate_,NY_Z_K,2,13848.3109,0.0,1,1
NY_Z_A_utilitypv_class1_moderate_0_2_1,27,0,1,1,0.0,72906.22994,0,36821.70953,15390.48615,0.0,0.0,None,1.0,0.0,0.0,0.0,0.0,0,0,UtilityPV_Class1_Moderate_0.2,NY_Z_A,1,2889.4693,0.0,1,1
NY_Z_A_utilitypv_class1_moderate_0_2_2,27,0,1,1,0.0,149908.8985,0,36821.70953,15390.48615,0.0,0.0,None,1.0,0.0,0.0,0.0,0.0,0,0,UtilityPV_Class1_Moderate_0.2,NY_Z_A,2,6622.076836,0.0,1,1
NY_Z_A_utilitypv_class1_moderate_0_2_3,27,0,1,1,0.0,64905.67517,0,36821.70953,15390.48615,0.0,0.0,None,1.0,0.0,0.0,0.0,0.0,0,0,UtilityPV_Class1_Moderate_0.2,NY_Z_A,3,10297.15517,0.0,1,1
NY_Z_A_landbasedwind_class4_moderate_1,27,0,1,1,0.0,7701.824149,0,95847.63922,34568.125,0.0,0.0,None,1.0,0.0,0.0,0.0,0.0,0,0,LandbasedWind_Class4_Moderate_,NY_Z_A,1,5683.107438,0.0,1,1
NY_Z_A_landbasedwind_class4_moderate_2,27,0,1,1,0.0,6990.290474,0,95847.63922,34568.125,0.0,0.0,None,1.0,0.0,0.0,0.0,0.0,0,0,LandbasedWind_Class4_Moderate_,NY_Z_A,2,6514.84901,0.0,1,1
NY_Z_A_landbasedwind_class4_moderate_3,27,0,1,1,0.0,2101.347274,0,95847.63922,34568.125,0.0,0.0,None,1.0,0.0,0.0,0.0,0.0,0,0,LandbasedWind_Class4_Moderate_,NY_Z_A,3,8604.623009,0.0,1,1
NY_Z_B_utilitypv_class1_moderate_0_2_1,28,0,1,1,0.0,81747.74405,0,36821.70953,15390.48615,0.0,0.0,None,1.0,0.0,0.0,0.0,0.0,0,0,UtilityPV_Class1_Moderate_0.2,NY_Z_B,1,3822.942636,0.0,1,1
NY_Z_B_utilitypv_class1_moderate_0_2_2,28,0,1,1,0.0,118263.7633,0,36821.70953,15390.48615,0.0,0.0,None,1.0,0.0,0.0,0.0,0.0,0,0,UtilityPV_Class1_Moderate_0.2,NY_Z_B,2,8557.442884,0.0,1,1
NY_Z_B_utilitypv_class1_moderate_0_2_3,28,0,1,1,0.0,49803.44567,0,36821.70953,15390.48615,0.0,0.0,None,1.0,0.0,0.0,0.0,0.0,0,0,UtilityPV_Class1_Moderate_0.2,NY_Z_B,3,15359.95132,0.0,1,1
NY_Z_B_landbasedwind_class4_moderate_1,28,0,1,1,0.0,10153.35186,0,95847.63922,34568.125,0.0,0.0,None,1.0,0.0,0.0,0.0,0.0,0,0,LandbasedWind_Class4_Moderate_,NY_Z_B,1,7292.966751,0.0,1,1
NY_Z_B_landbasedwind_class4_moderate_2,28,0,1,1,0.0,3005.651685,0,95847.63922,34568.125,0.0,0.0,None,1.0,0.0,0.0,0.0,0.0,0,0,LandbasedWind_Class4_Moderate_,NY_Z_B,2,11252.67304,0.0,1,1
NY_Z_B_landbasedwind_class4_moderate_3,28,0,1,1,0.0,976.9210572,0,95847.63922,34568.125,0.0,0.0,None,1.0,0.0,0.0,0.0,0.0,0,0,LandbasedWind_Class4_Moderate_,NY_Z_B,3,11060.1274,0.0,1,1
NY_Z_D_utilitypv_class1_moderate_0_2_1,29,0,1,1,0.0,103683.8777,0,36821.70953,15390.48615,0.0,0.0,None,1.0,0.0,0.0,0.0,0.0,0,0,UtilityPV_Class1_Moderate_0.2,NY_Z_D,1,7949.051579,0.0,1,1
NY_Z_D_utilitypv_class1_moderate_0_2_2,29,0,1,1,0.0,150022.4345,0,36821.70953,15390.48615,0.0,0.0,None,1.0,0.0,0.0,0.0,0.0,0,0,UtilityPV_Class1_Moderate_0.2,NY_Z_D,2,13037.43177,0.0,1,1
NY_Z_D_utilitypv_class1_moderate_0_2_3,29,0,1,1,0.0,115354.4912,0,36821.70953,15390.48615,0.0,0.0,None,1.0,0.0,0.0,0.0,0.0,0,0,UtilityPV_Class1_Moderate_0.2,NY_Z_D,3,18553.2513,0.0,1,1
NY_Z_D_landbasedwind_class4_moderate_1,29,0,1,1,0.0,4640.752736,0,95847.63922,34568.125,0.0,0.0,None,1.0,0.0,0.0,0.0,0.0,0,0,LandbasedWind_Class4_Moderate_,NY_Z_D,1,10916.99635,0.0,1,1
NY_Z_D_landbasedwind_class4_moderate_2,29,0,1,1,0.0,11801.39647,0,95847.63922,34568.125,0.0,0.0,None,1.0,0.0,0.0,0.0,0.0,0,0,LandbasedWind_Class4_Moderate_,NY_Z_D,2,13090.22612,0.0,1,1
NY_Z_D_landbasedwind_class4_moderate_3,29,0,1,1,0.0,5267.366259,0,95847.63922,34568.125,0.0,0.0,None,1.0,0.0,0.0,0.0,0.0,0,0,LandbasedWind_Class4_Moderate_,NY_Z_D,3,15306.15057,0.0,1,1
PJM_WMAC_utilitypv_class1_moderate_0_2_1,30,0,1,1,0.0,279452.0537,0,37917.59375,15390.48615,0.0,0.0,None,1.0,0.0,0.0,0.0,0.0,0,0,UtilityPV_Class1_Moderate_0.2,PJM_WMAC,1,1857.7336,0.0,1,1
PJM_WMAC_utilitypv_class1_moderate_0_2_2,30,0,1,1,0.0,428540.2035,0,37917.59375,15390.48615,0.0,0.0,None,1.0,0.0,0.0,0.0,0.0,0,0,UtilityPV_Class1_Moderate_0.2,PJM_WMAC,2,3575.644881,0.0,1,1
PJM_WMAC_utilitypv_class1_moderate_0_2_3,30,0,1,1,0.0,122742.3918,0,37917.59375,15390.48615,0.0,0.0,None,1.0,0.0,0.0,0.0,0.0,0,0,UtilityPV_Class1_Moderate_0.2,PJM_WMAC,3,7347.179826,0.0,1,1
PJM_WMAC_landbasedwind_class4_moderate_1,30,0,1,1,0.0,22381.65831,0,78590.09796,34568.125,0.0,0.0,None,1.0,0.0,0.0,0.0,0.0,0,0,LandbasedWind_Class4_Moderate_,PJM_WMAC,1,3688.562837,0.0,1,1
PJM_WMAC_landbasedwind_class4_moderate_2,30,0,1,1,0.0,19092.69478,0,78590.09796,34568.125,0.0,0.0,None,1.0,0.0,0.0,0.0,0.0,0,0,LandbasedWind_Class4_Moderate_,PJM_WMAC,2,3179.706537,0.0,1,1
PJM_EMAC_offshorewind_class10_moderate_floating_0_1,31,0,1,1,0.0,8544.0,0,272596.9763,56095.98976,0.0,0.0,None,1.0,0.0,0.0,0.0,0.0,0,0,OffShoreWind_Class10_Moderate_floating_0,PJM_EMAC,1,0.0,0.0,1,1
PJM_EMAC_utilitypv_class1_moderate_0_2_1,31,0,1,1,0.0,1.055517054e7,0,37917.59375,15390.48615,0.0,0.0,None,1.0,0.0,0.0,0.0,0.0,0,0,UtilityPV_Class1_Moderate_0.2,PJM_EMAC,1,2906.418328,0.0,1,1
PJM_EMAC_utilitypv_class1_moderate_0_2_2,31,0,1,1,0.0,5.056076098e6,0,37917.59375,15390.48615,0.0,0.0,None,1.0,0.0,0.0,0.0,0.0,0,0,UtilityPV_Class1_Moderate_0.2,PJM_EMAC,2,5168.525817,0.0,1,1
PJM_EMAC_utilitypv_class1_moderate_0_2_3,31,0,1,1,0.0,1.043888081,0,37917.59375,15390.48615,0.0,0.0,None,1.0,0.0,0.0,0.0,0.0,0,0,UtilityPV_Class1_Moderate_0.2,PJM_EMAC,3,50924.0641,0.0,1,1
PJM_EMAC_landbasedwind_class4_moderate_1,31,0,1,1,0.0,543895.6782,0,78590.09796,34568.125,0.0,0.0,None,1.0,0.0,0.0,0.0,0.0,0,0,LandbasedWind_Class4_Moderate_,PJM_EMAC,1,3512.800485,0.0,1,1
PJM_EMAC_landbasedwind_class4_moderate_2,31,0,1,1,0.0,277643.7861,0,78590.09796,34568.125,0.0,0.0,None,1.0,0.0,0.0,0.0,0.0,0,0,LandbasedWind_Class4_Moderate_,PJM_EMAC,2,3976.004276,0.0,1,1
PJM_EMAC_landbasedwind_class4_moderate_3,31,0,1,1,0.0,59322.13469,0,78590.09796,34568.125,0.0,0.0,None,1.0,0.0,0.0,0.0,0.0,0,0,LandbasedWind_Class4_Moderate_,PJM_EMAC,3,3202.050996,0.0,1,1
PJM_SMAC_utilitypv_class1_moderate_0_2_1,32,0,1,1,0.0,100684.7953,0,37917.59375,15390.48615,0.0,0.0,None,1.0,0.0,0.0,0.0,0.0,0,0,UtilityPV_Class1_Moderate_0.2,PJM_SMAC,1,1507.740337,0.0,1,1
PJM_SMAC_utilitypv_class1_moderate_0_2_2,32,0,1,1,0.0,59467.00942,0,37917.59375,15390.48615,0.0,0.0,None,1.0,0.0,0.0,0.0,0.0,0,0,UtilityPV_Class1_Moderate_0.2,PJM_SMAC,2,3173.879126,0.0,1,1
PJM_SMAC_utilitypv_class1_moderate_0_2_3,32,0,1,1,0.0,6732.269876,0,37917.59375,15390.48615,0.0,0.0,None,1.0,0.0,0.0,0.0,0.0,0,0,UtilityPV_Class1_Moderate_0.2,PJM_SMAC,3,5356.705579,0.0,1,1
PJM_SMAC_landbasedwind_class4_moderate_1,32,0,1,1,0.0,5127.925651,0,78590.09796,34568.125,0.0,0.0,None,1.0,0.0,0.0,0.0,0.0,0,0,LandbasedWind_Class4_Moderate_,PJM_SMAC,1,2154.7031,0.0,1,1
PJM_SMAC_landbasedwind_class4_moderate_2,32,0,1,1,0.0,3075.204018,0,78590.09796,34568.125,0.0,0.0,None,1.0,0.0,0.0,0.0,0.0,0,0,LandbasedWind_Class4_Moderate_,PJM_SMAC,2,2146.256999,0.0,1,1
PJM_SMAC_landbasedwind_class4_moderate_3,32,0,1,1,0.0,1246.770326,0,78590.09796,34568.125,0.0,0.0,None,1.0,0.0,0.0,0.0,0.0,0,0,LandbasedWind_Class4_Moderate_,PJM_SMAC,3,2927.143401,0.0,1,1
PJM_West_utilitypv_class1_moderate_0_2_1,33,0,1,1,0.0,9.502392865e7,0,35798.88427,15390.48615,0.0,0.0,None,1.0,0.0,0.0,0.0,0.0,0,0,UtilityPV_Class1_Moderate_0.2,PJM_West,1,3738.222586,0.0,1,1
PJM_West_utilitypv_class1_moderate_0_2_2,33,0,1,1,0.0,9.370275025e7,0,35798.88427,15390.48615,0.0,0.0,None,1.0,0.0,0.0,0.0,0.0,0,0,UtilityPV_Class1_Moderate_0.2,PJM_West,2,7087.915236,0.0,1,1
PJM_West_utilitypv_class1_moderate_0_2_3,33,0,1,1,0.0,3.411168446e7,0,35798.88427,15390.48615,0.0,0.0,None,1.0,0.0,0.0,0.0,0.0,0,0,UtilityPV_Class1_Moderate_0.2,PJM_West,3,13815.00237,0.0,1,1
PJM_West_landbasedwind_class4_moderate_1,33,0,1,1,0.0,5.811554429e6,0,59283.99965,34568.125,0.0,0.0,None,1.0,0.0,0.0,0.0,0.0,0,0,LandbasedWind_Class4_Moderate_,PJM_West,1,5099.836525,0.0,1,1
PJM_West_landbasedwind_class4_moderate_2,33,0,1,1,0.0,5.501175007e6,0,59283.99965,34568.125,0.0,0.0,None,1.0,0.0,0.0,0.0,0.0,0,0,LandbasedWind_Class4_Moderate_,PJM_West,2,7493.588138,0.0,1,1
PJM_AP_utilitypv_class1_moderate_0_2_1,34,0,1,1,0.0,1.402625328e7,0,35798.88427,15390.48615,0.0,0.0,None,1.0,0.0,0.0,0.0,0.0,0,0,UtilityPV_Class1_Moderate_0.2,PJM_AP,1,4194.285714,0.0,1,1
PJM_AP_utilitypv_class1_moderate_0_2_2,34,0,1,1,0.0,1.136066175e7,0,35798.88427,15390.48615,0.0,0.0,None,1.0,0.0,0.0,0.0,0.0,0,0,UtilityPV_Class1_Moderate_0.2,PJM_AP,2,10484.16607,0.0,1,1
PJM_AP_utilitypv_class1_moderate_0_2_3,34,0,1,1,0.0,5.275094077e6,0,35798.88427,15390.48615,0.0,0.0,None,1.0,0.0,0.0,0.0,0.0,0,0,UtilityPV_Class1_Moderate_0.2,PJM_AP,3,20145.45534,0.0,1,1
PJM_AP_landbasedwind_class4_moderate_1,34,0,1,1,0.0,839570.7162,0,59283.99965,34568.125,0.0,0.0,None,1.0,0.0,0.0,0.0,0.0,0,0,LandbasedWind_Class4_Moderate_,PJM_AP,1,8358.299997,0.0,1,1
PJM_AP_landbasedwind_class4_moderate_2,34,0,1,1,0.0,739370.8673,0,59283.99965,34568.125,0.0,0.0,None,1.0,0.0,0.0,0.0,0.0,0,0,LandbasedWind_Class4_Moderate_,PJM_AP,2,9422.440327,0.0,1,1
PJM_AP_landbasedwind_class4_moderate_3,34,0,1,1,0.0,168934.1329,0,59283.99965,34568.125,0.0,0.0,None,1.0,0.0,0.0,0.0,0.0,0,0,LandbasedWind_Class4_Moderate_,PJM_AP,3,13153.90718,0.0,1,1
PJM_COMD_utilitypv_class1_moderate_0_2_1,35,0,1,1,0.0,451580.7801,0,39050.00743,15390.48615,0.0,0.0,None,1.0,0.0,0.0,0.0,0.0,0,0,UtilityPV_Class1_Moderate_0.2,PJM_COMD,1,2419.924966,0.0,1,1
PJM_COMD_utilitypv_class1_moderate_0_2_2,35,0,1,1,0.0,482763.7755,0,39050.00743,15390.48615,0.0,0.0,None,1.0,0.0,0.0,0.0,0.0,0,0,UtilityPV_Class1_Moderate_0.2,PJM_COMD,2,5607.125901,0.0,1,1
PJM_COMD_utilitypv_class1_moderate_0_2_3,35,0,1,1,0.0,198971.0078,0,39050.00743,15390.48615,0.0,0.0,None,1.0,0.0,0.0,0.0,0.0,0,0,UtilityPV_Class1_Moderate_0.2,PJM_COMD,3,9944.191214,0.0,1,1
PJM_COMD_landbasedwind_class4_moderate_1,35,0,1,1,0.0,33902.73903,0,78528.02048,34568.125,0.0,0.0,None,1.0,0.0,0.0,0.0,0.0,0,0,LandbasedWind_Class4_Moderate_,PJM_COMD,1,3828.472645,0.0,1,1
PJM_ATSI_utilitypv_class1_moderate_0_2_1,36,0,1,1,0.0,2.170946753e6,0,35798.88427,15390.48615,0.0,0.0,None,1.0,0.0,0.0,0.0,0.0,0,0,UtilityPV_Class1_Moderate_0.2,PJM_ATSI,1,3051.757504,0.0,1,1
PJM_ATSI_utilitypv_class1_moderate_0_2_2,36,0,1,1,0.0,2.076409046e6,0,35798.88427,15390.48615,0.0,0.0,None,1.0,0.0,0.0,0.0,0.0,0,0,UtilityPV_Class1_Moderate_0.2,PJM_ATSI,2,6652.46458,0.0,1,1
PJM_ATSI_utilitypv_class1_moderate_0_2_3,36,0,1,1,0.0,536817.661,0,35798.88427,15390.48615,0.0,0.0,None,1.0,0.0,0.0,0.0,0.0,0,0,UtilityPV_Class1_Moderate_0.2,PJM_ATSI,3,9510.407669,0.0,1,1
PJM_ATSI_landbasedwind_class4_moderate_1,36,0,1,1,0.0,157137.5919,0,59283.99965,34568.125,0.0,0.0,None,1.0,0.0,0.0,0.0,0.0,0,0,LandbasedWind_Class4_Moderate_,PJM_ATSI,1,4687.666877,0.0,1,1
PJM_ATSI_landbasedwind_class4_moderate_2,36,0,1,1,0.0,95348.19808,0,59283.99965,34568.125,0.0,0.0,None,1.0,0.0,0.0,0.0,0.0,0,0,LandbasedWind_Class4_Moderate_,PJM_ATSI,2,6270.9992,0.0,1,1
PJM_Dom_offshorewind_class10_moderate_floating_0_1,37,0,1,1,0.0,11436.0,0,281826.409,56095.98976,0.0,0.0,None,1.0,0.0,0.0,0.0,0.0,0,0,OffShoreWind_Class10_Moderate_floating_0,PJM_Dom,1,0.0,0.0,1,1
PJM_Dom_utilitypv_class1_moderate_0_2_1,37,0,1,1,0.0,2.910413631e6,0,35689.29585,15390.48615,0.0,0.0,None,1.0,0.0,0.0,0.0,0.0,0,0,UtilityPV_Class1_Moderate_0.2,PJM_Dom,1,2645.889067,0.0,1,1
PJM_Dom_utilitypv_class1_moderate_0_2_2,37,0,1,1,0.0,3.233468363e6,0,35689.29585,15390.48615,0.0,0.0,None,1.0,0.0,0.0,0.0,0.0,0,0,UtilityPV_Class1_Moderate_0.2,PJM_Dom,2,6831.566993,0.0,1,1
PJM_Dom_utilitypv_class1_moderate_0_2_3,37,0,1,1,0.0,1.341063901e6,0,35689.29585,15390.48615,0.0,0.0,None,1.0,0.0,0.0,0.0,0.0,0,0,UtilityPV_Class1_Moderate_0.2,PJM_Dom,3,12495.75235,0.0,1,1
PJM_Dom_landbasedwind_class4_moderate_1,37,0,1,1,0.0,252336.7641,0,81818.12726,34568.125,0.0,0.0,None,1.0,0.0,0.0,0.0,0.0,0,0,LandbasedWind_Class4_Moderate_,PJM_Dom,1,5834.123761,0.0,1,1
PJM_Dom_landbasedwind_class4_moderate_2,37,0,1,1,0.0,140878.6304,0,81818.12726,34568.125,0.0,0.0,None,1.0,0.0,0.0,0.0,0.0,0,0,LandbasedWind_Class4_Moderate_,PJM_Dom,2,7180.896498,0.0,1,1
PJM_Dom_landbasedwind_class4_moderate_3,37,0,1,1,0.0,33130.44369,0,81818.12726,34568.125,0.0,0.0,None,1.0,0.0,0.0,0.0,0.0,0,0,LandbasedWind_Class4_Moderate_,PJM_Dom,3,5115.367864,0.0,1,1
PJM_PENE_utilitypv_class1_moderate_0_2_1,38,0,1,1,0.0,473558.2461,0,37917.59375,15390.48615,0.0,0.0,None,1.0,0.0,0.0,0.0,0.0,0,0,UtilityPV_Class1_Moderate_0.2,PJM_PENE,1,3892.268692,0.0,1,1
PJM_PENE_utilitypv_class1_moderate_0_2_2,38,0,1,1,0.0,416873.1017,0,37917.59375,15390.48615,0.0,0.0,None,1.0,0.0,0.0,0.0,0.0,0,0,UtilityPV_Class1_Moderate_0.2,PJM_PENE,2,8514.181447,0.0,1,1
PJM_PENE_utilitypv_class1_moderate_0_2_3,38,0,1,1,0.0,246556.614,0,37917.59375,15390.48615,0.0,0.0,None,1.0,0.0,0.0,0.0,0.0,0,0,UtilityPV_Class1_Moderate_0.2,PJM_PENE,3,12282.09183,0.0,1,1
PJM_PENE_landbasedwind_class4_moderate_1,38,0,1,1,0.0,27856.03299,0,78590.09796,34568.125,0.0,0.0,None,1.0,0.0,0.0,0.0,0.0,0,0,LandbasedWind_Class4_Moderate_,PJM_PENE,1,6959.676369,0.0,1,1
PJM_PENE_landbasedwind_class4_moderate_2,38,0,1,1,0.0,29887.78989,0,78590.09796,34568.125,0.0,0.0,None,1.0,0.0,0.0,0.0,0.0,0,0,LandbasedWind_Class4_Moderate_,PJM_PENE,2,7810.836747,0.0,1,1
PJM_PENE_landbasedwind_class4_moderate_3,38,0,1,1,0.0,6854.34509,0,78590.09796,34568.125,0.0,0.0,None,1.0,0.0,0.0,0.0,0.0,0,0,LandbasedWind_Class4_Moderate_,PJM_PENE,3,7221.677672,0.0,1,1
S_VACA_offshorewind_class10_moderate_floating_0_1,39,0,1,1,0.0,10240.0,0,250086.1646,56095.98976,0.0,0.0,None,1.0,0.0,0.0,0.0,0.0,0,0,OffShoreWind_Class10_Moderate_floating_0,S_VACA,1,0.0,0.0,1,1
S_VACA_utilitypv_class1_moderate_0_2_1,39,0,1,1,0.0,1.739711973e7,0,36419.88532,15390.48615,0.0,0.0,None,1.0,0.0,0.0,0.0,0.0,0,0,UtilityPV_Class1_Moderate_0.2,S_VACA,1,2615.064339,0.0,1,1
S_VACA_utilitypv_class1_moderate_0_2_2,39,0,1,1,0.0,1.936436603e7,0,36419.88532,15390.48615,0.0,0.0,None,1.0,0.0,0.0,0.0,0.0,0,0,UtilityPV_Class1_Moderate_0.2,S_VACA,2,5360.649976,0.0,1,1
S_VACA_utilitypv_class1_moderate_0_2_3,39,0,1,1,0.0,1.600134282e6,0,36419.88532,15390.48615,0.0,0.0,None,1.0,0.0,0.0,0.0,0.0,0,0,UtilityPV_Class1_Moderate_0.2,S_VACA,3,8502.26735,0.0,1,1
S_VACA_landbasedwind_class4_moderate_1,39,0,1,1,0.0,1.416303788e6,0,70706.25717,34568.125,0.0,0.0,None,1.0,0.0,0.0,0.0,0.0,0,0,LandbasedWind_Class4_Moderate_,S_VACA,1,4235.59462,0.0,1,1
S_VACA_landbasedwind_class4_moderate_2,39,0,1,1,0.0,655406.1994,0,70706.25717,34568.125,0.0,0.0,None,1.0,0.0,0.0,0.0,0.0,0,0,LandbasedWind_Class4_Moderate_,S_VACA,2,4305.778532,0.0,1,1
S_VACA_landbasedwind_class4_moderate_3,39,0,1,1,0.0,101660.6992,0,70706.25717,34568.125,0.0,0.0,None,1.0,0.0,0.0,0.0,0.0,0,0,LandbasedWind_Class4_Moderate_,S_VACA,3,4093.021912,0.0,1,1
S_C_KY_utilitypv_class1_moderate_0_2_1,40,0,1,1,0.0,379273.9047,0,35177.88322,15390.48615,0.0,0.0,None,1.0,0.0,0.0,0.0,0.0,0,0,UtilityPV_Class1_Moderate_0.2,S_C_KY,1,4896.251228,0.0,1,1
S_C_KY_utilitypv_class1_moderate_0_2_2,40,0,1,1,0.0,389190.7753,0,35177.88322,15390.48615,0.0,0.0,None,1.0,0.0,0.0,0.0,0.0,0,0,UtilityPV_Class1_Moderate_0.2,S_C_KY,2,10133.83566,0.0,1,1
S_C_KY_utilitypv_class1_moderate_0_2_3,40,0,1,1,0.0,121880.4091,0,35177.88322,15390.48615,0.0,0.0,None,1.0,0.0,0.0,0.0,0.0,0,0,UtilityPV_Class1_Moderate_0.2,S_C_KY,3,15944.19867,0.0,1,1
S_C_KY_landbasedwind_class4_moderate_1,40,0,1,1,0.0,25159.75271,0,59283.99965,34568.125,0.0,0.0,None,1.0,0.0,0.0,0.0,0.0,0,0,LandbasedWind_Class4_Moderate_,S_C_KY,1,6252.112722,0.0,1,1
S_C_KY_landbasedwind_class4_moderate_2,40,0,1,1,0.0,19339.62167,0,59283.99965,34568.125,0.0,0.0,None,1.0,0.0,0.0,0.0,0.0,0,0,LandbasedWind_Class4_Moderate_,S_C_KY,2,10436.47682,0.0,1,1
S_D_AECI_utilitypv_class1_moderate_0_2_1,41,0,1,1,0.0,486841.5677,0,37187.00427,15390.48615,0.0,0.0,None,1.0,0.0,0.0,0.0,0.0,0,0,UtilityPV_Class1_Moderate_0.2,S_D_AECI,1,9569.705366,0.0,1,1
S_D_AECI_utilitypv_class1_moderate_0_2_2,41,0,1,1,0.0,593197.0576,0,37187.00427,15390.48615,0.0,0.0,None,1.0,0.0,0.0,0.0,0.0,0,0,UtilityPV_Class1_Moderate_0.2,S_D_AECI,2,15782.41319,0.0,1,1
S_D_AECI_utilitypv_class1_moderate_0_2_3,41,0,1,1,0.0,266119.4115,0,37187.00427,15390.48615,0.0,0.0,None,1.0,0.0,0.0,0.0,0.0,0,0,UtilityPV_Class1_Moderate_0.2,S_D_AECI,3,23514.73875,0.0,1,1
S_D_AECI_landbasedwind_class4_moderate_1,41,0,1,1,0.0,46036.95714,0,59283.99965,34568.125,0.0,0.0,None,1.0,0.0,0.0,0.0,0.0,0,0,LandbasedWind_Class4_Moderate_,S_D_AECI,1,13188.82974,0.0,1,1
S_D_AECI_landbasedwind_class4_moderate_2,41,0,1,1,0.0,24008.8442,0,59283.99965,34568.125,0.0,0.0,None,1.0,0.0,0.0,0.0,0.0,0,0,LandbasedWind_Class4_Moderate_,S_D_AECI,2,17095.00115,0.0,1,1
S_C_TVA_utilitypv_class1_moderate_0_2_1,42,0,1,1,0.0,1.640919179e8,0,35177.88322,15390.48615,0.0,0.0,None,1.0,0.0,0.0,0.0,0.0,0,0,UtilityPV_Class1_Moderate_0.2,S_C_TVA,1,4722.547232,0.0,1,1
S_C_TVA_utilitypv_class1_moderate_0_2_2,42,0,1,1,0.0,1.487339781e8,0,35177.88322,15390.48615,0.0,0.0,None,1.0,0.0,0.0,0.0,0.0,0,0,UtilityPV_Class1_Moderate_0.2,S_C_TVA,2,10178.50581,0.0,1,1
S_C_TVA_landbasedwind_class4_moderate_1,42,0,1,1,0.0,1.15618716e7,0,59283.99965,34568.125,0.0,0.0,None,1.0,0.0,0.0,0.0,0.0,0,0,LandbasedWind_Class4_Moderate_,S_C_TVA,1,7151.809648,0.0,1,1
S_C_TVA_landbasedwind_class4_moderate_2,42,0,1,1,0.0,6.114434549e6,0,59283.99965,34568.125,0.0,0.0,None,1.0,0.0,0.0,0.0,0.0,0,0,LandbasedWind_Class4_Moderate_,S_C_TVA,2,10449.41195,0.0,1,1
S_SOU_utilitypv_class1_moderate_0_2_1,43,0,1,1,0.0,4.548447024e7,0,35250.94216,15390.48615,0.0,0.0,None,1.0,0.0,0.0,0.0,0.0,0,0,UtilityPV_Class1_Moderate_0.2,S_SOU,1,3423.398264,0.0,1,1
S_SOU_utilitypv_class1_moderate_0_2_2,43,0,1,1,0.0,5.673788381e7,0,35250.94216,15390.48615,0.0,0.0,None,1.0,0.0,0.0,0.0,0.0,0,0,UtilityPV_Class1_Moderate_0.2,S_SOU,2,7336.274053,0.0,1,1
S_SOU_landbasedwind_class4_moderate_1,43,0,1,1,0.0,2.496608597e6,0,80142.03513,34568.125,0.0,0.0,None,1.0,0.0,0.0,0.0,0.0,0,0,LandbasedWind_Class4_Moderate_,S_SOU,1,4869.986744,0.0,1,1
S_SOU_landbasedwind_class4_moderate_2,43,0,1,1,0.0,3.031380002e6,0,80142.03513,34568.125,0.0,0.0,None,1.0,0.0,0.0,0.0,0.0,0,0,LandbasedWind_Class4_Moderate_,S_SOU,2,7110.454665,0.0,1,1
S_SOU_landbasedwind_class4_moderate_3,43,0,1,1,0.0,873381.3999,0,80142.03513,34568.125,0.0,0.0,None,1.0,0.0,0.0,0.0,0.0,0,0,LandbasedWind_Class4_Moderate_,S_SOU,3,8145.552777,0.0,1,1
SPP_NEBR_utilitypv_class1_moderate_0_2_1,44,0,1,1,0.0,1.341054919e7,0,34922.1769,15390.48615,0.0,0.0,None,1.0,0.0,0.0,0.0,0.0,0,0,UtilityPV_Class1_Moderate_0.2,SPP_NEBR,1,18146.88032,0.0,1,1
SPP_NEBR_landbasedwind_class4_moderate_1,44,0,1,1,0.0,845839.9233,0,59283.99965,34568.125,0.0,0.0,None,1.0,0.0,0.0,0.0,0.0,0,0,LandbasedWind_Class4_Moderate_,SPP_NEBR,1,19965.25466,0.0,1,1
SPP_N_utilitypv_class1_moderate_0_2_1,45,0,1,1,0.0,1.341054919e7,0,36018.06111,15390.48615,0.0,0.0,None,1.0,0.0,0.0,0.0,0.0,0,0,UtilityPV_Class1_Moderate_0.2,SPP_N,1,7422.921072,0.0,1,1
SPP_N_utilitypv_class1_moderate_0_2_2,45,0,1,1,0.0,1.04907266e7,0,36018.06111,15390.48615,0.0,0.0,None,1.0,0.0,0.0,0.0,0.0,0,0,UtilityPV_Class1_Moderate_0.2,SPP_N,2,19159.78676,0.0,1,1
SPP_N_landbasedwind_class4_moderate_1,45,0,1,1,0.0,845839.9233,0,59283.99965,34568.125,0.0,0.0,None,1.0,0.0,0.0,0.0,0.0,0,0,LandbasedWind_Class4_Moderate_,SPP_N,1,8607.507671,0.0,1,1
SPP_WEST_utilitypv_class1_moderate_0_2_1,46,0,1,1,0.0,9.996162842e7,0,34666.47058,15390.48615,0.0,0.0,None,1.0,0.0,0.0,0.0,0.0,0,0,UtilityPV_Class1_Moderate_0.2,SPP_WEST,1,8028.227827,0.0,1,1
SPP_WEST_utilitypv_class1_moderate_0_2_2,46,0,1,1,0.0,5.403484956e7,0,34666.47058,15390.48615,0.0,0.0,None,1.0,0.0,0.0,0.0,0.0,0,0,UtilityPV_Class1_Moderate_0.2,SPP_WEST,2,14746.52003,0.0,1,1
SPP_WEST_landbasedwind_class4_moderate_1,46,0,1,1,0.0,5.660787359e6,0,59283.99965,34568.125,0.0,0.0,None,1.0,0.0,0.0,0.0,0.0,0,0,LandbasedWind_Class4_Moderate_,SPP_WEST,1,9811.554528,0.0,1,1
SPP_SPS_utilitypv_class1_moderate_0_2_1,47,0,1,1,0.0,9.927031306e6,0,34666.47058,15390.48615,0.0,0.0,None,1.0,0.0,0.0,0.0,0.0,0,0,UtilityPV_Class1_Moderate_0.2,SPP_SPS,1,8654.809815,0.0,1,1
SPP_SPS_utilitypv_class1_moderate_0_2_2,47,0,1,1,0.0,1.522025553e7,0,34666.47058,15390.48615,0.0,0.0,None,1.0,0.0,0.0,0.0,0.0,0,0,UtilityPV_Class1_Moderate_0.2,SPP_SPS,2,18534.76453,0.0,1,1
SPP_SPS_landbasedwind_class4_moderate_1,47,0,1,1,0.0,1.375857166e6,0,59283.99965,34568.125,0.0,0.0,None,1.0,0.0,0.0,0.0,0.0,0,0,LandbasedWind_Class4_Moderate_,SPP_SPS,1,14650.26225,0.0,1,1
SPP_WAUE_utilitypv_class1_moderate_0_2_1,48,0,1,1,0.0,2.615056965e7,0,34922.1769,15390.48615,0.0,0.0,None,1.0,0.0,0.0,0.0,0.0,0,0,UtilityPV_Class1_Moderate_0.2,SPP_WAUE,1,14452.39005,0.0,1,1
SPP_WAUE_utilitypv_class1_moderate_0_2_2,48,0,1,1,0.0,4.401993377e7,0,34922.1769,15390.48615,0.0,0.0,None,1.0,0.0,0.0,0.0,0.0,0,0,UtilityPV_Class1_Moderate_0.2,SPP_WAUE,2,26085.77386,0.0,1,1
SPP_WAUE_utilitypv_class1_moderate_0_2_3,48,0,1,1,0.0,3.789603306e6,0,34922.1769,15390.48615,0.0,0.0,None,1.0,0.0,0.0,0.0,0.0,0,0,UtilityPV_Class1_Moderate_0.2,SPP_WAUE,3,45087.81077,0.0,1,1
SPP_WAUE_landbasedwind_class4_moderate_1,48,0,1,1,0.0,1.446550479e6,0,59283.99965,34568.125,0.0,0.0,None,1.0,0.0,0.0,0.0,0.0,0,0,LandbasedWind_Class4_Moderate_,SPP_WAUE,1,15138.17078,0.0,1,1
WEC_CALN_offshorewind_class10_moderate_floating_0_1,49,0,1,1,0.0,12440.0,0,341930.2761,56095.98976,0.0,0.0,None,1.0,0.0,0.0,0.0,0.0,0,0,OffShoreWind_Class10_Moderate_floating_0,WEC_CALN,1,0.0,0.0,1,1
WEC_CALN_utilitypv_class1_moderate_0_2_1,49,0,1,1,0.0,2.329679966e6,0,39597.94954,15390.48615,0.0,0.0,None,1.0,0.0,0.0,0.0,0.0,0,0,UtilityPV_Class1_Moderate_0.2,WEC_CALN,1,5359.891985,0.0,1,1
WEC_CALN_utilitypv_class1_moderate_0_2_2,49,0,1,1,0.0,570155.7063,0,39597.94954,15390.48615,0.0,0.0,None,1.0,0.0,0.0,0.0,0.0,0,0,UtilityPV_Class1_Moderate_0.2,WEC_CALN,2,13550.30816,0.0,1,1
WEC_CALN_utilitypv_class1_moderate_0_2_3,49,0,1,1,0.0,113445.0316,0,39597.94954,15390.48615,0.0,0.0,None,1.0,0.0,0.0,0.0,0.0,0,0,UtilityPV_Class1_Moderate_0.2,WEC_CALN,3,22159.88525,0.0,1,1
WEC_CALN_landbasedwind_class4_moderate_1,49,0,1,1,0.0,113225.5221,0,130921.4191,34568.125,0.0,0.0,None,1.0,0.0,0.0,0.0,0.0,0,0,LandbasedWind_Class4_Moderate_,WEC_CALN,1,7368.001435,0.0,1,1
WEC_CALN_landbasedwind_class4_moderate_2,49,0,1,1,0.0,49784.27063,0,130921.4191,34568.125,0.0,0.0,None,1.0,0.0,0.0,0.0,0.0,0,0,LandbasedWind_Class4_Moderate_,WEC_CALN,2,8167.818427,0.0,1,1
WEC_CALN_landbasedwind_class4_moderate_3,49,0,1,1,0.0,8723.039313,0,130921.4191,34568.125,0.0,0.0,None,1.0,0.0,0.0,0.0,0.0,0,0,LandbasedWind_Class4_Moderate_,WEC_CALN,3,7163.280646,0.0,1,1
WEC_LADW_offshorewind_class10_moderate_floating_0_1,50,0,1,1,0.0,10150.0,0,272596.9763,56095.98976,0.0,0.0,None,1.0,0.0,0.0,0.0,0.0,0,0,OffShoreWind_Class10_Moderate_floating_0,WEC_LADW,1,0.0,0.0,1,1
WEC_LADW_utilitypv_class1_moderate_0_2_1,50,0,1,1,0.0,98468.99028,0,38684.7127,15390.48615,0.0,0.0,None,1.0,0.0,0.0,0.0,0.0,0,0,UtilityPV_Class1_Moderate_0.2,WEC_LADW,1,3073.453922,0.0,1,1
WEC_LADW_utilitypv_class1_moderate_0_2_2,50,0,1,1,0.0,49837.12606,0,38684.7127,15390.48615,0.0,0.0,None,1.0,0.0,0.0,0.0,0.0,0,0,UtilityPV_Class1_Moderate_0.2,WEC_LADW,2,49193.23823,0.0,1,1
WEC_LADW_utilitypv_class1_moderate_0_2_3,50,0,1,1,0.0,11349.66436,0,38684.7127,15390.48615,0.0,0.0,None,1.0,0.0,0.0,0.0,0.0,0,0,UtilityPV_Class1_Moderate_0.2,WEC_LADW,3,55220.27127,0.0,1,1
WEC_LADW_landbasedwind_class4_moderate_1,50,0,1,1,0.0,5288.580603,0,102862.3952,34568.125,0.0,0.0,None,1.0,0.0,0.0,0.0,0.0,0,0,LandbasedWind_Class4_Moderate_,WEC_LADW,1,4923.746202,0.0,1,1
WEC_LADW_landbasedwind_class4_moderate_2,50,0,1,1,0.0,3567.454182,0,102862.3952,34568.125,0.0,0.0,None,1.0,0.0,0.0,0.0,0.0,0,0,LandbasedWind_Class4_Moderate_,WEC_LADW,2,42885.18457,0.0,1,1
WEC_LADW_landbasedwind_class4_moderate_3,50,0,1,1,0.0,517.8689919,0,102862.3952,34568.125,0.0,0.0,None,1.0,0.0,0.0,0.0,0.0,0,0,LandbasedWind_Class4_Moderate_,WEC_LADW,3,34568.46324,0.0,1,1
WEC_SDGE_offshorewind_class10_moderate_floating_0_1,51,0,1,1,0.0,10248.0,0,272596.9763,56095.98976,0.0,0.0,None,1.0,0.0,0.0,0.0,0.0,0,0,OffShoreWind_Class10_Moderate_floating_0,WEC_SDGE,1,0.0,0.0,1,1
WEC_SDGE_utilitypv_class1_moderate_0_2_1,51,0,1,1,0.0,15319.97729,0,38684.7127,15390.48615,0.0,0.0,None,1.0,0.0,0.0,0.0,0.0,0,0,UtilityPV_Class1_Moderate_0.2,WEC_SDGE,1,3464.463855,0.0,1,1
WEC_SDGE_utilitypv_class1_moderate_0_2_2,51,0,1,1,0.0,41947.94335,0,38684.7127,15390.48615,0.0,0.0,None,1.0,0.0,0.0,0.0,0.0,0,0,UtilityPV_Class1_Moderate_0.2,WEC_SDGE,2,2835.064951,0.0,1,1
WEC_SDGE_utilitypv_class1_moderate_0_2_3,51,0,1,1,0.0,28724.82536,0,38684.7127,15390.48615,0.0,0.0,None,1.0,0.0,0.0,0.0,0.0,0,0,UtilityPV_Class1_Moderate_0.2,WEC_SDGE,3,6279.737881,0.0,1,1
WEC_SDGE_landbasedwind_class4_moderate_1,51,0,1,1,0.0,2224.030634,0,102862.3952,34568.125,0.0,0.0,None,1.0,0.0,0.0,0.0,0.0,0,0,LandbasedWind_Class4_Moderate_,WEC_SDGE,1,6874.559395,0.0,1,1
WEC_SDGE_landbasedwind_class4_moderate_2,51,0,1,1,0.0,2014.838683,0,102862.3952,34568.125,0.0,0.0,None,1.0,0.0,0.0,0.0,0.0,0,0,LandbasedWind_Class4_Moderate_,WEC_SDGE,2,2514.300236,0.0,1,1
WEC_SDGE_landbasedwind_class4_moderate_3,51,0,1,1,0.0,1190.343511,0,102862.3952,34568.125,0.0,0.0,None,1.0,0.0,0.0,0.0,0.0,0,0,LandbasedWind_Class4_Moderate_,WEC_SDGE,3,1731.834069,0.0,1,1
WECC_SCE_offshorewind_class10_moderate_floating_0_1,52,0,1,1,0.0,11444.0,0,272596.9763,56095.98976,0.0,0.0,None,1.0,0.0,0.0,0.0,0.0,0,0,OffShoreWind_Class10_Moderate_floating_0,WECC_SCE,1,0.0,0.0,1,1
WECC_SCE_utilitypv_class1_moderate_0_2_1,52,0,1,1,0.0,965689.0671,0,38684.7127,15390.48615,0.0,0.0,None,1.0,0.0,0.0,0.0,0.0,0,0,UtilityPV_Class1_Moderate_0.2,WECC_SCE,1,5867.534721,0.0,1,1
WECC_SCE_utilitypv_class1_moderate_0_2_2,52,0,1,1,0.0,672797.1542,0,38684.7127,15390.48615,0.0,0.0,None,1.0,0.0,0.0,0.0,0.0,0,0,UtilityPV_Class1_Moderate_0.2,WECC_SCE,2,13134.75186,0.0,1,1
WECC_SCE_utilitypv_class1_moderate_0_2_3,52,0,1,1,0.0,241433.5206,0,38684.7127,15390.48615,0.0,0.0,None,1.0,0.0,0.0,0.0,0.0,0,0,UtilityPV_Class1_Moderate_0.2,WECC_SCE,3,24045.44298,0.0,1,1
WECC_SCE_landbasedwind_class4_moderate_1,52,0,1,1,0.0,79588.97368,0,102862.3952,34568.125,0.0,0.0,None,1.0,0.0,0.0,0.0,0.0,0,0,LandbasedWind_Class4_Moderate_,WECC_SCE,1,12473.37248,0.0,1,1
WECC_SCE_landbasedwind_class4_moderate_2,52,0,1,1,0.0,21584.848,0,102862.3952,34568.125,0.0,0.0,None,1.0,0.0,0.0,0.0,0.0,0,0,LandbasedWind_Class4_Moderate_,WECC_SCE,2,6718.879575,0.0,1,1
WECC_SCE_landbasedwind_class4_moderate_3,52,0,1,1,0.0,6073.259006,0,102862.3952,34568.125,0.0,0.0,None,1.0,0.0,0.0,0.0,0.0,0,0,LandbasedWind_Class4_Moderate_,WECC_SCE,3,3219.978062,0.0,1,1
WECC_MT_utilitypv_class1_moderate_0_2_1,53,0,1,1,0.0,2.169638714e6,0,36127.64953,15390.48615,0.0,0.0,None,1.0,0.0,0.0,0.0,0.0,0,0,UtilityPV_Class1_Moderate_0.2,WECC_MT,1,10337.46637,0.0,1,1
WECC_MT_landbasedwind_class4_moderate_1,53,0,1,1,0.0,223627.2395,0,78590.09796,34568.125,0.0,0.0,None,1.0,0.0,0.0,0.0,0.0,0,0,LandbasedWind_Class4_Moderate_,WECC_MT,1,17634.33666,0.0,1,1
WEC_BANC_offshorewind_class10_moderate_floating_0_1,54,0,1,1,0.0,11736.0,0,341930.2761,56095.98976,0.0,0.0,None,1.0,0.0,0.0,0.0,0.0,0,0,OffShoreWind_Class10_Moderate_floating_0,WEC_BANC,1,0.0,0.0,1,1
WEC_BANC_utilitypv_class1_moderate_0_2_1,54,0,1,1,0.0,83306.46161,0,39597.94954,15390.48615,0.0,0.0,None,1.0,0.0,0.0,0.0,0.0,0,0,UtilityPV_Class1_Moderate_0.2,WEC_BANC,1,2179.69357,0.0,1,1
WEC_BANC_utilitypv_class1_moderate_0_2_2,54,0,1,1,0.0,18549.71081,0,39597.94954,15390.48615,0.0,0.0,None,1.0,0.0,0.0,0.0,0.0,0,0,UtilityPV_Class1_Moderate_0.2,WEC_BANC,2,5180.194942,0.0,1,1
WEC_BANC_utilitypv_class1_moderate_0_2_3,54,0,1,1,0.0,9579.760531,0,39597.94954,15390.48615,0.0,0.0,None,1.0,0.0,0.0,0.0,0.0,0,0,UtilityPV_Class1_Moderate_0.2,WEC_BANC,3,8997.380313,0.0,1,1
WEC_BANC_landbasedwind_class4_moderate_1,54,0,1,1,0.0,4281.375227,0,130921.4191,34568.125,0.0,0.0,None,1.0,0.0,0.0,0.0,0.0,0,0,LandbasedWind_Class4_Moderate_,WEC_BANC,1,2858.13604,0.0,1,1
WEC_BANC_landbasedwind_class4_moderate_2,54,0,1,1,0.0,1801.307352,0,130921.4191,34568.125,0.0,0.0,None,1.0,0.0,0.0,0.0,0.0,0,0,LandbasedWind_Class4_Moderate_,WEC_BANC,2,3422.780514,0.0,1,1
WEC_BANC_landbasedwind_class4_moderate_3,54,0,1,1,0.0,254.0437783,0,130921.4191,34568.125,0.0,0.0,None,1.0,0.0,0.0,0.0,0.0,0,0,LandbasedWind_Class4_Moderate_,WEC_BANC,3,7227.22361,0.0,1,1
WECC_ID_utilitypv_class1_moderate_0_2_1,55,0,1,1,0.0,1.928179828e6,0,36018.06111,15390.48615,0.0,0.0,None,1.0,0.0,0.0,0.0,0.0,0,0,UtilityPV_Class1_Moderate_0.2,WECC_ID,1,9749.308067,0.0,1,1
WECC_ID_utilitypv_class1_moderate_0_2_2,55,0,1,1,0.0,732751.5893,0,36018.06111,15390.48615,0.0,0.0,None,1.0,0.0,0.0,0.0,0.0,0,0,UtilityPV_Class1_Moderate_0.2,WECC_ID,2,19051.79872,0.0,1,1
WECC_ID_utilitypv_class1_moderate_0_2_3,55,0,1,1,0.0,94501.03659,0,36018.06111,15390.48615,0.0,0.0,None,1.0,0.0,0.0,0.0,0.0,0,0,UtilityPV_Class1_Moderate_0.2,WECC_ID,3,40647.40228,0.0,1,1
WECC_ID_landbasedwind_class4_moderate_1,55,0,1,1,0.0,106674.5987,0,59283.99965,34568.125,0.0,0.0,None,1.0,0.0,0.0,0.0,0.0,0,0,LandbasedWind_Class4_Moderate_,WECC_ID,1,11595.50671,0.0,1,1
WECC_ID_landbasedwind_class4_moderate_2,55,0,1,1,0.0,44770.14433,0,59283.99965,34568.125,0.0,0.0,None,1.0,0.0,0.0,0.0,0.0,0,0,LandbasedWind_Class4_Moderate_,WECC_ID,2,15738.33475,0.0,1,1
WECC_NNV_utilitypv_class1_moderate_0_2_1,56,0,1,1,0.0,862034.1385,0,36018.06111,15390.48615,0.0,0.0,None,1.0,0.0,0.0,0.0,0.0,0,0,UtilityPV_Class1_Moderate_0.2,WECC_NNV,1,15607.31205,0.0,1,1
WECC_NNV_utilitypv_class1_moderate_0_2_2,56,0,1,1,0.0,2.663692046e6,0,36018.06111,15390.48615,0.0,0.0,None,1.0,0.0,0.0,0.0,0.0,0,0,UtilityPV_Class1_Moderate_0.2,WECC_NNV,2,34230.95086,0.0,1,1
WECC_NNV_utilitypv_class1_moderate_0_2_3,56,0,1,1,0.0,1.500856241e6,0,36018.06111,15390.48615,0.0,0.0,None,1.0,0.0,0.0,0.0,0.0,0,0,UtilityPV_Class1_Moderate_0.2,WECC_NNV,3,47608.40371,0.0,1,1
WECC_NNV_landbasedwind_class4_moderate_1,56,0,1,1,0.0,120279.9893,0,59283.99965,34568.125,0.0,0.0,None,1.0,0.0,0.0,0.0,0.0,0,0,LandbasedWind_Class4_Moderate_,WECC_NNV,1,33775.34447,0.0,1,1
WECC_NNV_landbasedwind_class4_moderate_2,56,0,1,1,0.0,119642.8955,0,59283.99965,34568.125,0.0,0.0,None,1.0,0.0,0.0,0.0,0.0,0,0,LandbasedWind_Class4_Moderate_,WECC_NNV,2,36095.21104,0.0,1,1
WECC_SNV_utilitypv_class1_moderate_0_2_1,57,0,1,1,0.0,95597.23204,0,35250.94216,15390.48615,0.0,0.0,None,1.0,0.0,0.0,0.0,0.0,0,0,UtilityPV_Class1_Moderate_0.2,WECC_SNV,1,2661.568553,0.0,1,1
WECC_SNV_utilitypv_class1_moderate_0_2_2,57,0,1,1,0.0,115671.0989,0,35250.94216,15390.48615,0.0,0.0,None,1.0,0.0,0.0,0.0,0.0,0,0,UtilityPV_Class1_Moderate_0.2,WECC_SNV,2,6651.063509,0.0,1,1
WECC_SNV_landbasedwind_class4_moderate_1,57,0,1,1,0.0,8211.480361,0,59283.99965,34568.125,0.0,0.0,None,1.0,0.0,0.0,0.0,0.0,0,0,LandbasedWind_Class4_Moderate_,WECC_SNV,1,4932.063997,0.0,1,1
WECC_SNV_landbasedwind_class4_moderate_2,57,0,1,1,0.0,4364.598125,0,59283.99965,34568.125,0.0,0.0,None,1.0,0.0,0.0,0.0,0.0,0,0,LandbasedWind_Class4_Moderate_,WECC_SNV,2,6076.422181,0.0,1,1
WECC_SNV_landbasedwind_class4_moderate_3,57,0,1,1,0.0,1598.979865,0,59283.99965,34568.125,0.0,0.0,None,1.0,0.0,0.0,0.0,0.0,0,0,LandbasedWind_Class4_Moderate_,WECC_SNV,3,7352.100147,0.0,1,1
WECC_UT_utilitypv_class1_moderate_0_2_1,58,0,1,1,0.0,1.180954028e6,0,36018.06111,15390.48615,0.0,0.0,None,1.0,0.0,0.0,0.0,0.0,0,0,UtilityPV_Class1_Moderate_0.2,WECC_UT,1,9619.752655,0.0,1,1
WECC_UT_utilitypv_class1_moderate_0_2_2,58,0,1,1,0.0,1.39784244e6,0,36018.06111,15390.48615,0.0,0.0,None,1.0,0.0,0.0,0.0,0.0,0,0,UtilityPV_Class1_Moderate_0.2,WECC_UT,2,18371.49417,0.0,1,1
WECC_UT_utilitypv_class1_moderate_0_2_3,58,0,1,1,0.0,896005.4572,0,36018.06111,15390.48615,0.0,0.0,None,1.0,0.0,0.0,0.0,0.0,0,0,UtilityPV_Class1_Moderate_0.2,WECC_UT,3,28998.40673,0.0,1,1
WECC_UT_landbasedwind_class4_moderate_1,58,0,1,1,0.0,80635.53725,0,59283.99965,34568.125,0.0,0.0,None,1.0,0.0,0.0,0.0,0.0,0,0,LandbasedWind_Class4_Moderate_,WECC_UT,1,15315.78006,0.0,1,1
WECC_UT_landbasedwind_class4_moderate_2,58,0,1,1,0.0,79558.4235,0,59283.99965,34568.125,0.0,0.0,None,1.0,0.0,0.0,0.0,0.0,0,0,LandbasedWind_Class4_Moderate_,WECC_UT,2,19022.04989,0.0,1,1
WECC_PNW_offshorewind_class10_moderate_floating_0_1,59,0,1,1,0.0,18820.0,0,272596.9763,56095.98976,0.0,0.0,None,1.0,0.0,0.0,0.0,0.0,0,0,OffShoreWind_Class10_Moderate_floating_0,WECC_PNW,1,0.0,0.0,1,1
WECC_PNW_utilitypv_class1_moderate_0_2_1,59,0,1,1,0.0,5.774251528e7,0,36127.64953,15390.48615,0.0,0.0,None,1.0,0.0,0.0,0.0,0.0,0,0,UtilityPV_Class1_Moderate_0.2,WECC_PNW,1,8484.51515,0.0,1,1
WECC_PNW_utilitypv_class1_moderate_0_2_2,59,0,1,1,0.0,5.64004475e7,0,36127.64953,15390.48615,0.0,0.0,None,1.0,0.0,0.0,0.0,0.0,0,0,UtilityPV_Class1_Moderate_0.2,WECC_PNW,2,12916.06223,0.0,1,1
WECC_PNW_landbasedwind_class4_moderate_1,59,0,1,1,0.0,4.95842033e6,0,78590.09796,34568.125,0.0,0.0,None,1.0,0.0,0.0,0.0,0.0,0,0,LandbasedWind_Class4_Moderate_,WECC_PNW,1,9916.706881,0.0,1,1
WECC_PNW_landbasedwind_class4_moderate_2,59,0,1,1,0.0,2.698818814e6,0,78590.09796,34568.125,0.0,0.0,None,1.0,0.0,0.0,0.0,0.0,0,0,LandbasedWind_Class4_Moderate_,WECC_PNW,2,15143.59314,0.0,1,1
WECC_PNW_landbasedwind_class4_moderate_3,59,0,1,1,0.0,417623.1048,0,78590.09796,34568.125,0.0,0.0,None,1.0,0.0,0.0,0.0,0.0,0,0,LandbasedWind_Class4_Moderate_,WECC_PNW,3,12643.80801,0.0,1,1
WECC_CO_utilitypv_class1_moderate_0_2_1,60,0,1,1,0.0,1.785433289e6,0,35689.29585,15390.48615,0.0,0.0,None,1.0,0.0,0.0,0.0,0.0,0,0,UtilityPV_Class1_Moderate_0.2,WECC_CO,1,7443.938499,0.0,1,1
WECC_CO_landbasedwind_class4_moderate_1,60,0,1,1,0.0,198694.4872,0,59283.99965,34568.125,0.0,0.0,None,1.0,0.0,0.0,0.0,0.0,0,0,LandbasedWind_Class4_Moderate_,WECC_CO,1,16325.53629,0.0,1,1
WECC_WY_utilitypv_class1_moderate_0_2_1,61,0,1,1,0.0,2.939972139e7,0,36018.06111,15390.48615,0.0,0.0,None,1.0,0.0,0.0,0.0,0.0,0,0,UtilityPV_Class1_Moderate_0.2,WECC_WY,1,12536.51677,0.0,1,1
WECC_WY_utilitypv_class1_moderate_0_2_2,61,0,1,1,0.0,2.11776594e7,0,36018.06111,15390.48615,0.0,0.0,None,1.0,0.0,0.0,0.0,0.0,0,0,UtilityPV_Class1_Moderate_0.2,WECC_WY,2,27294.73012,0.0,1,1
WECC_WY_utilitypv_class1_moderate_0_2_3,61,0,1,1,0.0,6.621011083e6,0,36018.06111,15390.48615,0.0,0.0,None,1.0,0.0,0.0,0.0,0.0,0,0,UtilityPV_Class1_Moderate_0.2,WECC_WY,3,40971.3434,0.0,1,1
WECC_WY_landbasedwind_class4_moderate_1,61,0,1,1,0.0,2.139509848e6,0,59283.99965,34568.125,0.0,0.0,None,1.0,0.0,0.0,0.0,0.0,0,0,LandbasedWind_Class4_Moderate_,WECC_WY,1,15813.8273,0.0,1,1
WECC_AZ_utilitypv_class1_moderate_0_2_1,62,0,1,1,0.0,2.519914501e6,0,35250.94216,15390.48615,0.0,0.0,None,1.0,0.0,0.0,0.0,0.0,0,0,UtilityPV_Class1_Moderate_0.2,WECC_AZ,1,6122.467843,0.0,1,1
WECC_AZ_utilitypv_class1_moderate_0_2_2,62,0,1,1,0.0,1.97375243e6,0,35250.94216,15390.48615,0.0,0.0,None,1.0,0.0,0.0,0.0,0.0,0,0,UtilityPV_Class1_Moderate_0.2,WECC_AZ,2,14018.59086,0.0,1,1
WECC_AZ_utilitypv_class1_moderate_0_2_3,62,0,1,1,0.0,436956.2335,0,35250.94216,15390.48615,0.0,0.0,None,1.0,0.0,0.0,0.0,0.0,0,0,UtilityPV_Class1_Moderate_0.2,WECC_AZ,3,25897.54265,0.0,1,1
WECC_AZ_landbasedwind_class4_moderate_1,62,0,1,1,0.0,121712.138,0,59283.99965,34568.125,0.0,0.0,None,1.0,0.0,0.0,0.0,0.0,0,0,LandbasedWind_Class4_Moderate_,WECC_AZ,1,10957.98563,0.0,1,1
WECC_AZ_landbasedwind_class4_moderate_2,62,0,1,1,0.0,127287.6653,0,59283.99965,34568.125,0.0,0.0,None,1.0,0.0,0.0,0.0,0.0,0,0,LandbasedWind_Class4_Moderate_,WECC_AZ,2,11085.10662,0.0,1,1
WECC_AZ_landbasedwind_class4_moderate_3,62,0,1,1,0.0,33564.44471,0,59283.99965,34568.125,0.0,0.0,None,1.0,0.0,0.0,0.0,0.0,0,0,LandbasedWind_Class4_Moderate_,WECC_AZ,3,11172.86786,0.0,1,1
WECC_NM_utilitypv_class1_moderate_0_2_1,63,0,1,1,0.0,9.159359936e6,0,35250.94216,15390.48615,0.0,0.0,None,1.0,0.0,0.0,0.0,0.0,0,0,UtilityPV_Class1_Moderate_0.2,WECC_NM,1,9142.147403,0.0,1,1
WECC_NM_utilitypv_class1_moderate_0_2_2,63,0,1,1,0.0,1.1695697e7,0,35250.94216,15390.48615,0.0,0.0,None,1.0,0.0,0.0,0.0,0.0,0,0,UtilityPV_Class1_Moderate_0.2,WECC_NM,2,19165.36882,0.0,1,1
WECC_NM_utilitypv_class1_moderate_0_2_3,63,0,1,1,0.0,4.397365967e6,0,35250.94216,15390.48615,0.0,0.0,None,1.0,0.0,0.0,0.0,0.0,0,0,UtilityPV_Class1_Moderate_0.2,WECC_NM,3,30473.30707,0.0,1,1
WECC_NM_landbasedwind_class4_moderate_1,63,0,1,1,0.0,736676.8199,0,59283.99965,34568.125,0.0,0.0,None,1.0,0.0,0.0,0.0,0.0,0,0,LandbasedWind_Class4_Moderate_,WECC_NM,1,16974.84606,0.0,1,1
WECC_NM_landbasedwind_class4_moderate_2,63,0,1,1,0.0,584866.2389,0,59283.99965,34568.125,0.0,0.0,None,1.0,0.0,0.0,0.0,0.0,0,0,LandbasedWind_Class4_Moderate_,WECC_NM,2,17440.91486,0.0,1,1
WECC_IID_utilitypv_class1_moderate_0_2_1,64,0,1,1,0.0,147026.2021,0,38684.7127,15390.48615,0.0,0.0,None,1.0,0.0,0.0,0.0,0.0,0,0,UtilityPV_Class1_Moderate_0.2,WECC_IID,1,3888.846272,0.0,1,1
WECC_IID_utilitypv_class1_moderate_0_2_2,64,0,1,1,0.0,124275.9287,0,38684.7127,15390.48615,0.0,0.0,None,1.0,0.0,0.0,0.0,0.0,0,0,UtilityPV_Class1_Moderate_0.2,WECC_IID,2,7767.620828,0.0,1,1
WECC_IID_utilitypv_class1_moderate_0_2_3,64,0,1,1,0.0,22605.30657,0,38684.7127,15390.48615,0.0,0.0,None,1.0,0.0,0.0,0.0,0.0,0,0,UtilityPV_Class1_Moderate_0.2,WECC_IID,3,10444.27394,0.0,1,1
WECC_IID_landbasedwind_class4_moderate_1,64,0,1,1,0.0,6227.502629,0,102862.3952,34568.125,0.0,0.0,None,1.0,0.0,0.0,0.0,0.0,0,0,LandbasedWind_Class4_Moderate_,WECC_IID,1,6576.012257,0.0,1,1
WECC_IID_landbasedwind_class4_moderate_2,64,0,1,1,0.0,8251.029294,0,102862.3952,34568.125,0.0,0.0,None,1.0,0.0,0.0,0.0,0.0,0,0,LandbasedWind_Class4_Moderate_,WECC_IID,2,5143.681972,0.0,1,1
WECC_IID_landbasedwind_class4_moderate_3,64,0,1,1,0.0,2299.609621,0,102862.3952,34568.125,0.0,0.0,None,1.0,0.0,0.0,0.0,0.0,0,0,LandbasedWind_Class4_Moderate_,WECC_IID,3,7598.112194,0.0,1,1
